-- phpMyAdmin SQL Dump
-- version 4.5.1
-- http://www.phpmyadmin.net
--
-- Servidor: 127.0.0.1
-- Tiempo de generación: 26-06-2017 a las 01:48:52
-- Versión del servidor: 10.1.9-MariaDB
-- Versión de PHP: 5.6.15

SET SQL_MODE = "NO_AUTO_VALUE_ON_ZERO";
SET time_zone = "+00:00";


/*!40101 SET @OLD_CHARACTER_SET_CLIENT=@@CHARACTER_SET_CLIENT */;
/*!40101 SET @OLD_CHARACTER_SET_RESULTS=@@CHARACTER_SET_RESULTS */;
/*!40101 SET @OLD_COLLATION_CONNECTION=@@COLLATION_CONNECTION */;
/*!40101 SET NAMES utf8mb4 */;

--
-- Base de datos: `escolastico_db`
--

-- --------------------------------------------------------

--
-- Estructura de tabla para la tabla `administrador`
--

CREATE TABLE `administrador` (
  `id_admin` int(4) NOT NULL,
  `tipo_admin` varchar(50) COLLATE utf8_spanish2_ci DEFAULT NULL,
  `cedula_admin` varchar(15) COLLATE utf8_spanish2_ci DEFAULT NULL,
  `nombres_admin` varchar(50) COLLATE utf8_spanish2_ci DEFAULT NULL,
  `apellidos_admin` varchar(60) COLLATE utf8_spanish2_ci DEFAULT NULL,
  `correo_admin` varchar(200) COLLATE utf8_spanish2_ci DEFAULT NULL,
  `password_admin` varchar(100) COLLATE utf8_spanish2_ci DEFAULT NULL
) ENGINE=InnoDB DEFAULT CHARSET=utf8 COLLATE=utf8_spanish2_ci;

--
-- Volcado de datos para la tabla `administrador`
--

INSERT INTO `administrador` (`id_admin`, `tipo_admin`, `cedula_admin`, `nombres_admin`, `apellidos_admin`, `correo_admin`, `password_admin`) VALUES
(1, 'sysadmin', '0503254849', 'Nelly Estefania', 'Gualpa Tipan', 'nellygualpa04@gmail.com', 'n@rutO25'),
(3, 'basicoadmin', '0503254849', 'Mauro Omar', 'Guanoluisa Arciniega', 'omar@gmail.com', '12345');

-- --------------------------------------------------------

--
-- Estructura de tabla para la tabla `asignatura`
--

CREATE TABLE `asignatura` (
  `id_asig` int(4) NOT NULL,
  `nombre_asig` varchar(50) COLLATE utf8_spanish2_ci DEFAULT NULL
) ENGINE=InnoDB DEFAULT CHARSET=utf8 COLLATE=utf8_spanish2_ci;

--
-- Volcado de datos para la tabla `asignatura`
--

INSERT INTO `asignatura` (`id_asig`, `nombre_asig`) VALUES
(1, 'LENGUA Y LITERATURA'),
(2, 'ESTUDIOS SOCIALES'),
(3, 'MATEMÁTICAS'),
(4, 'INGLES'),
(5, 'LECTURA CRITICA'),
(6, 'PROYECTOS ESCOLARES'),
(7, 'EDUCACION FISICA'),
(8, 'EDUCACION CULTURAL Y ARTISTICA'),
(9, 'CC.SS.'),
(10, 'BIOLOGIA'),
(11, 'CIENCIAS NATURALES'),
(12, 'FILOSOFIA'),
(13, 'EDUCACION PARA LA CIUDADANA'),
(14, 'HISTORIA'),
(15, 'FISICA'),
(16, 'QUIMICA'),
(17, 'APOYO TIC''S'),
(18, 'NINGUNA'),
(19, 'EMPRENDIMIENTO Y GESTION'),
(20, 'INVESTIGACION'),
(21, 'MATEMATICAS SUP.'),
(22, 'QUIMICA SUP.'),
(23, 'Sicología'),
(24, 'test12'),
(25, 'test12'),
(26, 'test23');

-- --------------------------------------------------------

--
-- Estructura de tabla para la tabla `cargo_docente_asignatura`
--

CREATE TABLE `cargo_docente_asignatura` (
  `id_cargo` int(11) NOT NULL,
  `id_doce` int(11) NOT NULL,
  `categoria_nivel_cargo` varchar(45) COLLATE utf8_spanish2_ci DEFAULT NULL,
  `id_curs` int(4) NOT NULL,
  `paralelo_cargo` varchar(15) COLLATE utf8_spanish2_ci DEFAULT NULL,
  `id_asig` int(4) NOT NULL,
  `curso_completo_cargo` varchar(20) COLLATE utf8_spanish2_ci DEFAULT NULL,
  `periodo_academico_cargo` varchar(60) COLLATE utf8_spanish2_ci DEFAULT NULL
) ENGINE=InnoDB DEFAULT CHARSET=utf8 COLLATE=utf8_spanish2_ci;

--
-- Volcado de datos para la tabla `cargo_docente_asignatura`
--

INSERT INTO `cargo_docente_asignatura` (`id_cargo`, `id_doce`, `categoria_nivel_cargo`, `id_curs`, `paralelo_cargo`, `id_asig`, `curso_completo_cargo`, `periodo_academico_cargo`) VALUES
(1, 3, 'Preparatoria', 667, 'D', 1, 'No', 'Enero-1902-Enero-1915'),
(4, 1, 'Bachillerato', 668, 'E', 1, 'No', 'Enero-1915-Disciembre-1917'),
(7, 2, 'Inicial 1/2', 667, 'C', 4, 'Si', 'Febrero-1914-Disciembre-1914'),
(8, 3, 'Preparatoria', 668, 'C', 2, 'No', 'Abril-2081-Febrero-1902'),
(9, 2, 'Inicial 1/2', 673, 'P', 4, 'Si', 'Enero-1915-Disciembre-1917');

-- --------------------------------------------------------

--
-- Estructura de tabla para la tabla `curso`
--

CREATE TABLE `curso` (
  `id_curs` int(4) NOT NULL,
  `nombre_curs` varchar(50) COLLATE utf8_spanish2_ci DEFAULT NULL,
  `numparalelos_curs` varchar(10) COLLATE utf8_spanish2_ci DEFAULT NULL
) ENGINE=InnoDB DEFAULT CHARSET=utf8 COLLATE=utf8_spanish2_ci;

--
-- Volcado de datos para la tabla `curso`
--

INSERT INTO `curso` (`id_curs`, `nombre_curs`, `numparalelos_curs`) VALUES
(667, 'Primer', '4'),
(668, 'Segundo', '4'),
(669, 'Tercero', '4'),
(670, 'Cuarto', '4'),
(671, 'Quinto', '4'),
(672, 'Sexto', '4'),
(673, 'Séptimo', '4'),
(674, 'Octavo', '4'),
(675, 'Noveno', '4'),
(676, 'Décimo', '4'),
(677, 'Primero Bachillerato', '4'),
(678, 'Segundo Bachillerato', '4'),
(679, 'Tercero Bachillerato', '4'),
(684, 'Inicial 2', 'undefined');

-- --------------------------------------------------------

--
-- Estructura de tabla para la tabla `curso_asignatura`
--

CREATE TABLE `curso_asignatura` (
  `id_cura` int(4) NOT NULL,
  `id_curs` int(4) NOT NULL,
  `id_asig` int(4) NOT NULL
) ENGINE=InnoDB DEFAULT CHARSET=utf8 COLLATE=utf8_spanish2_ci;

--
-- Volcado de datos para la tabla `curso_asignatura`
--

INSERT INTO `curso_asignatura` (`id_cura`, `id_curs`, `id_asig`) VALUES
(19, 0, 0),
(21, 0, 0),
(22, 667, 1);

-- --------------------------------------------------------

--
-- Estructura de tabla para la tabla `docente`
--

CREATE TABLE `docente` (
  `id_doce` int(11) NOT NULL,
  `cedula_doce` varchar(15) COLLATE utf8_spanish2_ci DEFAULT NULL,
  `nombres_doce` varchar(50) COLLATE utf8_spanish2_ci DEFAULT NULL,
  `apellidos_doce` varchar(60) COLLATE utf8_spanish2_ci DEFAULT NULL,
  `fechanacimiento_doce` date DEFAULT NULL,
  `titulo_especializacion_senescyt_doce` varchar(200) COLLATE utf8_spanish2_ci DEFAULT NULL,
  `fecha_ingreso_magisterio_doce` date DEFAULT NULL,
  `fecha_ingreso_institucion_doce` date DEFAULT NULL,
  `relacion_laboral_doce` varchar(50) COLLATE utf8_spanish2_ci DEFAULT NULL,
  `categoria_contrato_doce` varchar(45) COLLATE utf8_spanish2_ci DEFAULT NULL,
  `funcion_doce` varchar(50) COLLATE utf8_spanish2_ci DEFAULT NULL,
  `numero_horas_pedagogicas_doce` smallint(2) DEFAULT NULL,
  `lugar_residencia_doce` varchar(50) COLLATE utf8_spanish2_ci DEFAULT NULL,
  `telefono_domicilio_doce` varchar(15) COLLATE utf8_spanish2_ci DEFAULT NULL,
  `telefono_movil_doce` varchar(15) COLLATE utf8_spanish2_ci DEFAULT NULL,
  `email_doce` varchar(200) COLLATE utf8_spanish2_ci DEFAULT NULL,
  `estado_doce` varchar(50) COLLATE utf8_spanish2_ci DEFAULT NULL,
  `password_doce` varchar(45) COLLATE utf8_spanish2_ci DEFAULT NULL
) ENGINE=InnoDB DEFAULT CHARSET=utf8 COLLATE=utf8_spanish2_ci;

--
-- Volcado de datos para la tabla `docente`
--

INSERT INTO `docente` (`id_doce`, `cedula_doce`, `nombres_doce`, `apellidos_doce`, `fechanacimiento_doce`, `titulo_especializacion_senescyt_doce`, `fecha_ingreso_magisterio_doce`, `fecha_ingreso_institucion_doce`, `relacion_laboral_doce`, `categoria_contrato_doce`, `funcion_doce`, `numero_horas_pedagogicas_doce`, `lugar_residencia_doce`, `telefono_domicilio_doce`, `telefono_movil_doce`, `email_doce`, `estado_doce`, `password_doce`) VALUES
(1, '0501502702', 'CESAR AUGUSTO', 'GUTIERREZ ESPIN', '1967-07-04', 'LIC. EN CIENCIAS DE EDUCACION, CASTELLANO Y LITERATURA', '1997-11-04', '1991-10-01', 'Nombramiento', 'D', 'Rector', 6, 'LATACUNGA', '032663247', '0984511205', 'a-c-ge@hotmail.com', 'Activo', '12345678'),
(2, '0503254849', 'Mauro Omar', 'Guanoluisa Arciniega', '2000-12-25', 'Ingeniero en Sistemas', '2006-03-12', '2010-05-23', 'Nombramiento', 'D', 'Vicerrector', 6, 'Latacunga', '2 103 005', '0979208483', 'omar@gmail.com', 'Activo', '87654321'),
(3, '0503632473', 'Nelly Estefania', 'Gualpa Tipan', '1993-02-04', 'Ingeniera en Sistemas', '2007-03-03', '2010-01-01', 'Nombramiento Provisional', 'Contrato 1', 'Trabajadora Social', 10, 'Saquisilí', '032722325', '0998559296', 'nellygualpa@gmail.com', 'Inactivo', '09090909'),
(4, '0503254848', 'Pablo Pedro', 'Moran Pérez', '1916-04-16', 'N/A', '1916-01-17', '1900-02-03', 'Nombramiento', 'Contrato 1', 'Docente', 2, 'Latacunga', '2 103 005', '0984511205', 'pablo@gmail.com', 'Activo', NULL);

-- --------------------------------------------------------

--
-- Estructura de tabla para la tabla `estudiante`
--

CREATE TABLE `estudiante` (
  `id_estu` int(5) NOT NULL,
  `cedula_estu` varchar(15) COLLATE utf8_spanish2_ci DEFAULT NULL,
  `nombres_estu` varchar(50) COLLATE utf8_spanish2_ci DEFAULT NULL,
  `apellidos_estu` varchar(60) COLLATE utf8_spanish2_ci DEFAULT NULL,
  `correo_estu` varchar(200) COLLATE utf8_spanish2_ci DEFAULT NULL,
  `telefono_estu` varchar(15) COLLATE utf8_spanish2_ci DEFAULT NULL,
  `direccion_estu` varchar(200) COLLATE utf8_spanish2_ci DEFAULT NULL,
  `fechanacimiento_estu` date DEFAULT NULL,
  `lugar_nacimiento_estu` varchar(45) COLLATE utf8_spanish2_ci DEFAULT NULL,
  `representante_estu` varchar(100) COLLATE utf8_spanish2_ci DEFAULT NULL,
  `cedula_representante_estu` varchar(15) COLLATE utf8_spanish2_ci DEFAULT NULL,
  `nombre_padre_estu` varchar(100) COLLATE utf8_spanish2_ci DEFAULT NULL,
  `cedula_padre_estu` varchar(15) COLLATE utf8_spanish2_ci DEFAULT NULL,
  `nombre_madre_estu` varchar(100) COLLATE utf8_spanish2_ci DEFAULT NULL,
  `cedula_madre_estu` varchar(15) COLLATE utf8_spanish2_ci DEFAULT NULL,
  `telefono_representante_estu` varchar(15) COLLATE utf8_spanish2_ci DEFAULT NULL,
  `password_estu` varchar(45) COLLATE utf8_spanish2_ci DEFAULT NULL,
  `correo_repre_estu` varchar(200) COLLATE utf8_spanish2_ci DEFAULT NULL
) ENGINE=InnoDB DEFAULT CHARSET=utf8 COLLATE=utf8_spanish2_ci;

--
-- Volcado de datos para la tabla `estudiante`
--

INSERT INTO `estudiante` (`id_estu`, `cedula_estu`, `nombres_estu`, `apellidos_estu`, `correo_estu`, `telefono_estu`, `direccion_estu`, `fechanacimiento_estu`, `lugar_nacimiento_estu`, `representante_estu`, `cedula_representante_estu`, `nombre_padre_estu`, `cedula_padre_estu`, `nombre_madre_estu`, `cedula_madre_estu`, `telefono_representante_estu`, `password_estu`, `correo_repre_estu`) VALUES
(1, '1755145750', 'NAYELY ESTEFANIA', 'AIMACAÑA CHINCHUÑA', NULL, NULL, 'EL BOLICHE  CALLE 3 DE MAYO  AUNA CUADRA DEL UPC', '2010-10-19', 'COTOPAXI / LATACUNGA / LA MATRIZ', 'CHINCHUÑA CAIZA LUZ OFELIA', '0503479206', 'CAIZA ANALUISA OLASTELITA', '1706037445', 'CHINCHUÑA CAIZA LUZ OFELIA', '0503479206', '0980963217', '1755145750', NULL),
(2, '0504457417', 'JHOSTIN SNAYDER', 'ALANGASI PILA', NULL, NULL, 'PASTOCALLE-  VIA A LOS ILINIZAS SECTOR (MATANGO)', '2011-08-26', 'COTOPAXI /LATACUNGA /LA MATRIZ', 'PILA JACHO LILIANA DEL PILAR', '0503399180', 'ALANGASI IZA JUAN CARLOS', '0503155699', 'PILA JACHO LILIANA DEL PILAR', '0503399180', '0981281401', '0504457417', NULL),
(3, '0504879727', 'MATEO JOSUE', 'ALCARRAZ TAIPICAÑA', NULL, NULL, 'MULALO - JOSE GUANGO ALTO BARRIO LA LIBERTAD ESQUINA DE UN TRANSFORMADOR', '2011-07-07', 'COTOPAXI / LATACUNGA / LA MATRIZ', 'ROSA MERCEDES TAIPICAÑA', '0501984371', 'N/A', 'N/A', 'ROSA MERCEDES TAIPICAÑA', '0501984371', '0983164639', '0504879727', NULL),
(4, '0504665225', 'STIVEN FERNANDO', 'ALMACHI PUCUJI ', NULL, NULL, 'TANDALIVI VIA PRINCIPAL DE LA BRIGADA  A MULALO', '2011-08-20', 'COTOPAXI / LATACUNGA / LA MATRIZ', 'PUCUJI ALMACHI DIEGO WILFRIDO', '0503157471', 'PUCUJI ALMACHI DIEGO WILFRIDO', '0503157471', 'PUCUJI CHICAIZA MARIA JOSE', '0503597247', '0983960074', '0504665225', NULL),
(5, '0550038624', 'ALISSON SCARLETH', 'ANALUIZA TOAQUIZA', NULL, NULL, 'BARRIO EL BOLICHE CALLE SIMON BOLIVAR SERCA DEL ESTADIO', '2011-07-23', 'COTOPAXO /LATACUNGA/LA MATRIZ', 'CRISTINA MARISOL TOAQUIZA CAIZALITIN', '0503345878', '', '', 'CRISTINA MARISOL TOAQUIZA CAIZALITIN', '0503345878', '0967754974', '0550038624', NULL),
(6, '0504616574', 'EMILY VALERIA', 'BARAHONA QUINAPALLO', NULL, NULL, 'BARRIO CUICUNO FRENTE A LA ESCUELA HERMANOS PAZMIÑO', '2011-08-16', 'COTOPAXI/LATACUNGA/LA MATRIZ', 'MÒNICA QUINAPALLO', '0503088478', 'ANGEL BARAHONA', '0502316987', 'MÒNICA QUINAPALLO', '0503088478', '0998737042', '0504616574', NULL),
(7, '0504867581', 'JAMILEHT JAHAIRA', 'CALI LASLUISA', NULL, NULL, 'LATACUNGA - COLATOA GRANDE - A 2 CUADRAS DE LA IGLESIA', '2011-02-01', '', 'LASLUISA MOLINA MONICA DE LOURDES', '502366172', 'CALI TOAPANTA VICTOR GENARO', '0502588286', 'LASLUISA MOLINA MONICA DE LOURDES', '0502366172', '959194450', '0504867581', NULL),
(8, '0804549012', 'NAIMA DALETH', 'CASTRO SAAVEDRA', NULL, NULL, 'VIVIENDA FISCAL BRIGADA PATRIA No. 124', '2010-10-21', 'ESMERALDAS/ ESMERALDAS/ ESMERALDAS', 'SAAVEDRA KLINGER BETTY NARCISA', '0802523613', 'CASTRO ZAMORA LUIS GONZALO', '0802701193', 'SAAVEDRA KLINGER BETTY NARCISA', '0802523613', '0939792953', '0804549012', NULL),
(9, '2350149296', 'EVELYN JULEXI', 'CATOTA GALLEGOS', NULL, NULL, 'VILLA BRIGADA PATRIA Nº 24 NORTE', '2011-12-26', 'SATO DOMINGO DE TSACHILA/SANTO DOMINGO', 'GALLEGOS PUENTE ELISA MARGOTH - MILITAR', '502818693', 'CATOTA CATOTA LUIS ALFREDO', '0502199193', 'GALLEGOS PUNTE ELISA MARGOTH', '0502818693', '989555783', '2350149296', NULL),
(10, '0550619605', 'EMILY MAITE', 'CHANGOLUISA CATOTA', NULL, NULL, 'TANICUCHI BARRIO GOTERAS 5 DE JUNIO A LADO DE LA OSTERIA QUINTA COLORADA', '2011-03-21', 'COTOPAXI / LATACUNGA / LA MATRIZ', 'CATOTA ERIKA', '0503229106', 'CHANGOLUISA QUISHPE GUILLERMO DAVID', '0503879966', 'CATOTA ERIKA', '0503229106', '0998132299', '0550619605', NULL),
(11, '0550206577', 'DOMENICA BELEN', 'CHICAIZA IZA', NULL, NULL, 'PASTOCALLE BARRIO SAN BARTOLOME A 1 CUADRA DEL ESTADIO', '2011-05-27', 'COTOPAIX/LATACUNGA/LA MATRIZ', 'IZA SANCHEZ CARMEN BEATRIZ', '0502789936', 'CHICAIZA PILATASIG WASHINGTON GEOVANY', '0502789928', 'IZA SANCHEZ CARMEN BEATRIZ', '0502789936', '032712709', '0550206577', NULL),
(12, '0504448713', 'SEBASTIAN', 'CHICAIZA IZA MATIAS', NULL, NULL, 'PASTOCALLE BARRIO SAN BARTALOME JUNTO AL ESTADIO', '2011-06-24', 'COTOPAXI / LATACUNGA / LA MATRIZ', 'IZA SANCHEZ SILVIA VIVIANA', '0503185142', 'CHICAIZA PILATASIG EDISON JAVIER', '0503081648', 'IZA SANCHEZ SILVIA VIVIANA', '0503185142', '0987719105', '0504448713', NULL),
(13, '0550341713', 'MELANY BELEN', 'CHIMBA CRUZ', NULL, NULL, 'ALAQUEZ VIA 10 DE AGOSTO ALADO ASERRADERO', '2010-11-18', 'COTOPAXI /LATACUNGA /LA MATRIZ', 'REISANCHO GUANOLUISA MARTHA SUSANA', '0503355075', 'CHIMBA GALLO FERNANDO PAUL', '050307103', ' CRUZ REISANCHO CRISTINA MARIBEL', '0503355075', '0998008159', '0550341713', NULL),
(14, '0504729898', 'KATHERIN DAYANA', 'GUAMANGALLO SIMBA', NULL, NULL, 'LAIGUA DE MALDONADO CALLE 10 DE AGOSTO JUNTO A LA PESCA DEPORTIVA', '2011-08-04', 'COTOPAXI/LATACUNGA/LA MATRIZ', 'SIMBA ANDRANGO GLADYS ABIGAIL', '0503058760', 'GUAMANGALLO MOREANO MIGUEL ANGEL', '0502868078', 'SIMBA ANDRANGO GLADYS ABIGAIL', '0503058760', '0999988870', '0504729898', NULL),
(15, '0550003446', 'KERLY GABRIELA', 'LAMAR TOAQUIZA ', NULL, NULL, 'PASTOCALLE BARRIO CUILCHE SALAS CALLE 7 DE OCTUBRE', '2011-02-06', 'COTOPAXI / LATACUNGA / LA MATRIZ', 'TOAQUIZA TOAQUIZA VIVIANA PATRICIA', '0503933715', 'LAMAR TOAQUIZA LUIS CARLOS', '0502658347', 'TOAQUIZA TOAQUIZA VIVIANA PATRICIA', '0503933715', '0997644544', '0550003446', NULL),
(16, '1751520014', 'OLGA ABIGAIL', 'LARA RAMIREZ ', NULL, NULL, 'VIVIENDA FISCAL BRIGADA PATRIA No. 23 NORTE', '2011-06-20', 'PICHINCHA  - QUITO - ITCHIMBIA', 'LARA OCAMPO NEISER ROLANDO', '0201508306', 'LARA OCAMPO NEISER ROLANDO', '0201508306', 'RAMIREZ GUZMAN MARGARITA ROCIO', '0201286291', '0980958692', '1751520014', NULL),
(17, '0504707316', 'DILAN ISRAEL', 'LLANO CHANGO', NULL, NULL, 'LASSO BARRIO MANCHENO CALLE 3 DE MAYO A 200M DE LA IGLESIA', '2011-08-24', 'COTOPAXI /LATACUNGA/IGNACIO FLORES', 'CHANGO LLANO PAOLA FERNANDA', '0502997067', 'LLANO LAMAR PABLO CESAR', '0503091688', 'PAOLA FERNANDA CHANGO LLANO', '0502997067', '0998392218', '0504707316', NULL),
(18, '0504884875', 'FRANKLIN MATEO', 'LLUMIQUINGA YANCHAGUANO', NULL, NULL, 'PATUTAN - SECTOR 5 PANAM. NUEVA  LOCAL DE INTERNET ENTRADA A PATUTAN CALLE SIM R', '2011-11-21', 'COTOPAXI / LATACUNGA / LA MATRIZ', 'LLUMIQUINGA TOAPANTA FRANKLIN VINICIO', '502813025', 'LLUMIQUINGA TOAPANTA FRANKLIN VINICIO', '0502813025', 'YANCHAGUANNO YANCHAGUANO BERTHA CECILIA', '0503583072', '998565518', '0504884875', NULL),
(19, '0504726498', 'GENESIS MAYTE', 'MARCALLA TOAPANTA', NULL, NULL, 'PASTOCALLE BARRIO MATANGO A 2KM DEL PARQUE', '2011-09-06', 'COTOPAXI/LATACUNGA/IGNACIO FLORES', 'MARCALLA QUINOTOA LUIS RODOLFO', '0502517691', 'MARCALLA QUINOTOA LUIS RODOLFO', '0502517691', 'TOAPANTA CHILIG GLADY GERMANIA', '0502687718', '0998703884', '0504726498', NULL),
(20, '0750105652', 'LUZ JEYLA', 'MORA GODOY', NULL, NULL, 'LAIGUA DE MALDONADO AV. 10 DE AGOSTO', '2011-08-20', 'EL ORO / MACHALA / MACHALA', 'GODOY NARVAEZ SAYRA MAGDALENA', '0706471547', 'MORA MITE MANUEL', '0704479799', 'GODOY NARVAEZ SAYRA MAGDALENA', '0706471547', '0987280942', '0750105652', NULL),
(21, '0504339573', 'YELITZA NASHELL', 'PEÑA MURILLO ', NULL, NULL, 'VIVIENDA FISCAL VILLA:  08 SUR', '2011-02-09', 'LOS RIOS/QUEVEDO/QUEVEDO', 'MURILLO NERCY', '0503416554', 'PEÑA DANNY', '1803348257', 'MURILLO NERCY', '0503416554', '0990456745', '0504339573', NULL),
(22, '0550566061', 'SNAYDER PAUL', 'PILA CAIZA', NULL, NULL, 'PASTOCALLE BARRIO CUILCHE SALAS CALLE 7 DE OCTUBRE', '2011-02-27', 'COTOPAXI/ LATACUNGA/ LA MATRIZ', 'PILA CHICAIZA DANY PAUL', '0503585796', 'PILA CHICAIZA DANY PAUL', '0503585796', 'NORMA MARINA CAIZA QUINATOA', '0503401804', '0984748957', '0550566061', NULL),
(23, '0504455486', 'ADONIS ISMAEL', 'QUINATOA TOAPANTA', NULL, NULL, 'PASTOCALLE -BARRIO PASTO ALTO VIA PRIINCIPAL', '2011-11-30', '', 'TOAPANTA CHILIG ENMA MACLOVIA - MILITAR', '502902315', 'QUINATOA COMASISIN FREDDY RIGOBERTO', '0503040255', 'TOAPANTA CHILIG ENMA MACLOVIA', '0502902315', '984178408', '0504455486', NULL),
(24, '0550043947', 'DANNA CORALIA', 'RIVERA SEVILLA', NULL, NULL, 'LATACUNGA BARRIO EL CALVARIO CALLE ISLA ESPAÑOLA Y SANTA FE', '2011-11-26', 'COTOPAXI/LATACUNGA/LA MATRIZ', 'SEVILLA BRITO DIGNA CECILIA', '502433469', 'RIVERA CUNALATA JOSE RIGOBERTO', '0502510092', 'SEVILLA BRITO DIGNA CECILIA', '0502433469', '984823047', '0550043947', NULL),
(25, '1805465950', 'EMILY ALEXANDRA', 'SANDOVAL SILVA', NULL, NULL, 'VILLAS FISCALES N°', '0000-00-00', 'TUNGURAHUA/AMBATO/LA MERCED', 'SILVA RUIZ VERONICA ALEXANDRA', '502445885', 'SANDOVAL BETRAN JORGE VALENTIN', '0502383607', 'SILVA RUIZ VERONICA ALEXANDRA', '0502445885', '987783456', '1805465950', NULL),
(26, '1752785384', 'DAYRON JOSE', 'TACO CAICEDO ', NULL, NULL, 'PASTOCALLE BARRIO CUILCHE MIÑO CALLE ESPAÑA VIA AL BOLICHE', '2011-01-24', 'ESPAÑA / ZARAGOZA', 'CAICEDO VIRACOCHA GABRIELA DEL CARMEN', '1714568779', 'TACO SHINGON JOSE MARIA', '0501673990', 'CAICEDO VIRACOCHA GABRIELA DEL CARMEN', '1714568779', '0998438830', '1752785384', NULL),
(27, '1751404946', 'JUAN SEBASTIAN', 'TAIPE DEFAZ ', NULL, NULL, 'CALLE 24 MAYO CENTRO FRENTE AL ASADERO SANTIAGUITO', '2011-07-09', 'PICHINCHA  - QUITO - CENTRO HISTORICO', 'DEFAZ CATOTA MIRIAN ELIZABETH', '0502177660', 'TAIPE PEÑAFIEL JUAN ALFREDO', '0502387848', 'DEFAZ CATOTA MIRIAN ELIZABETH', '0502177660', '0995871305', '1751404946', NULL),
(28, '1250166038', 'JHALISS VALESKA', 'TOAPANTA BURGOS ', NULL, NULL, 'VILLAS FISCALES Nº 50', '2011-08-08', 'EL ORO -  PASEJE - OCHO A LEON MATRIZ', 'BURGOS LOPEZ KARINA ALEXANDRA', '1206102095', 'TOAPANTA VIRACOCHA SEGUNDO MARIO', '0502311855', 'BURGOS LOPEZ KARINA ALEXANDRA', '1206102095', '0990929213', '1250166038', NULL),
(29, '0550049142', 'NAYELI MISHELL', 'TOAPANTA PILA', NULL, NULL, 'BARRIO BOLICHE FRENTE LA DISTRIBUIDORA DE CEMENTO', '2011-02-08', 'LATACUNGA/SAN JUAN  DE PASTOCALLE', 'ROSA MAGDALENA PILA LAMAR', '0502674468', 'EDISON TOAPANTA TOAQUIZA', '0502905631', 'ROSA MAGDALENA PILA LAMAR', '0502674468', '0987710955', '0550049142', NULL),
(30, '0550413405', 'EDISON MATEO', 'VELASCO CHILUISA ', NULL, NULL, 'TANDALIVI JUNTO A LA CARROCERIA', '2011-04-30', 'COTOPAXI /LATACUNGA /LA MATRIZ', 'SANTANDER AYALA JOSE PABLO', '1002146270', '', '', 'CHILUISA QUINALUISA MAYRA JACQUELINE', '0502840861', '0998681297', '0550413405', NULL),
(31, '1350295349', 'JEFFREY ALEXANDER', 'VERA CENTENO ', NULL, NULL, 'VILLAS BRIGADA PATRIA N.- 16', '2011-12-08', '', 'CENTENO CENTENO SILVIA YOLANDA', '603327800', 'VERA RIVAS LIBINGTON ALEXANDER', '1204953754', 'CENTENO CENTENO SILVIA YOLANDA', '0603327800', '994799430', '1350295349', NULL),
(32, '0550565352', 'KENNY SEBASTIAN', 'VILLAMARIN PUCUJI', NULL, NULL, 'PIEDRA COLORADA SECTOR AGUA CLARA', '2011-07-25', 'COTOPAXI/LATACUNGA/LA MATRIZ', 'MARIA ZOILA GUANOLUISA CALVOPIÑA', '0501564959', 'JORGE ENRIQUE VILLAMARIN CHASI', '0503237703', 'MAYRA ALEXANDRA PUCUJI GUANOLUISA', '0503496259', NULL, '0550565352', NULL),
(33, '0503254849', 'Nelly Estefania', 'Gualpa Tipan', NULL, NULL, 'EL BOLICHE  CALLE 3 DE MAYO  AUNA CUADRA DEL UPC', '1993-01-01', 'COTOPAXI / LATACUNGA / LA MATRIZ', 'Gualpa Jose', '0503479206', 'N/A', 'N/A', 'Tipan Maria', '0503479206', '0980963217', '0503254849', 'jose@gmail.com'),
(34, '0504877382', ' DOMENICA SOLANGE', 'ABAD PEREZ', NULL, NULL, 'MULALO - BARRIO CALLO MANCHENO AL FINALIZAR EL BARRIO', '2011-06-20', 'LATACUNGA LA MATRIZ', 'ABAD ORTEGA JOSE HUMBERTO', '1710162833', 'ABAD ORTEGA JOSE HUMBERTO', '1710162833', 'PEREZ CHANGO DIGNA ROGUELIA', '1711451219', '0987401664', '0504877382', 'papa1@gmail.com'),
(35, '1750849505', ' CRISTINA SOLANGE', 'AGUILERA CAIZA', NULL, NULL, 'EL CHASQUI CALLE ROLDOS AGUILERA A TRES CUADRAS DE LA ENTRADA AL BOLICHE', '2011-01-17', 'PICHINCHA  - QUITO - ITCHIMBIA', 'AGUILERA ARCENTALES JOSE GABRIEL', '0501430359', 'AGUILERA ARCENTALES JOSE GABRIEL', '0501430359', 'CAIZA ANALUISA BLANCA LUCIA', '0501506836', '0986123463', '1750849505', NULL),
(36, '0550519789', 'JENNIFER ESTEFANIA', 'AIMACAÑA GUAMAN ', NULL, NULL, 'BARRIO PATUTAN SECTOR 3 VIA PRINCIPAL A 100M DE LA PLAZA', '2010-09-16', 'COTOPAIX/LATACUNGA/LA MATRIZ', 'GUAMAN  TOAPANTA  MARTHA CECILIA', '0503451825', 'GUAMAN GONZALO', '0501427371', 'GUAMAN  TOAPANTA  MARTHA CECILIA', '0503451825', '0979396202', '0550519789', NULL),
(37, '0504670019', 'ALEZ JOHAN', 'ALVAREZ TAIPE ', NULL, NULL, 'TANDALIVI AV. MIGUWL ITURRALDE JUNTO AL PARADERO DARICE', '2011-10-11', '', 'TAIPE SARAGOSIN LOURDES CECILIA', '0502898349', 'ALVAREZ GUANOLUISA LUIS ENRIQUE', '0502123938', 'TAIPE SARAGOSIN LOURDES CECILIA', '0502898349', '0983915906', '0504670019', NULL),
(38, '1600944258', 'ARIANA ELIZABETH', 'ARANDA PAZMIÑO ', NULL, NULL, 'VIVIENDA FISCA N.- 42', '2011-02-04', 'PASTAZA/PASTAZA/PUYO', 'PIEDAD ELIZABETH PAZMIÑO AGUINDA', '1500810187', 'ARANDA ILLANES MARACO VINICIO', '1600364895', 'PIEDAD ELIZABETH PAZMIÑO AGUINDA', '1500810187', '0995033297', '1600944258', NULL),
(39, '0550042261', ' ILANY MAYLI', 'CAIZA LLANO ', NULL, NULL, 'SAN AGUSTIN DE CALLO', '0000-00-00', 'COTOPAXI LATACUNGA LA MATRIZ', 'LLANO VIRACOCHA MARIA ROSARIO', '0502136690', 'CAIZA VALLADARES JOSE NELSON', '0501969927', 'LLANO VIRACOCHA MARIA ROSAURA', '0502136690', '0984373090', '0550042261', NULL),
(40, '2250151400', 'JHONATAN SANTIAGO', 'CALAPAQUI OCHOA ', NULL, NULL, 'SAQUISILI PARROQUI CANCHAGUA CENTRO', '0000-00-00', 'COTOPAXI/SAQUISILI/SAQUISILI', 'OCHOA OÑA LILIANA ELIZABETH', '0503262834', 'CALAPAQUI OÑA ALFONSO', '0503077851', '', '0503262834', '0968676290', '2250151400', NULL),
(41, '0550608541', 'ERIK JOSUE', 'CASA CALO ', NULL, NULL, 'TOACAZO COMUNIDAD CHILLA BUENAESPERANZA FRENTE A LA CASA COMUNAL', '2011-01-10', 'COTOPAXI/LATACUNGA/TOACAZO', 'CALO QUINAUCHO YESSY XIMENA', '0502987118', 'CASA GUATO LUIS ARMANDO', '0502996283', 'CALO QUINAUCHO YESSY XIMENA', '0502987118', '0959583310', '0550608541', NULL),
(42, '0504654096', ' JOSTIN ISMAEL', 'CASTRO TOAPANTA', NULL, NULL, 'JOSE GUANGO BAJO  BARRIO EL MIRADOR', '2011-02-13', 'COTOPAXI/LATACUNGA/LA MATRIZ', 'TOAPANTA GALLO VERONICA FERNANDA', '0503437097', 'CASTRO GANCINO CARLOS GUILLERMO', '0503190811', 'TOAPANTA GALLO VERONICA FERNANDA', '0503437097', '0503190811', '0504654096', NULL),
(43, '1750896191', ' MATEO SEBASTIAN', 'CATOTA YEPEZ', NULL, NULL, 'GARCIA MORENO Y MARISCAL SUCRE', '2011-02-16', 'PICHINCHA  - QUITO - ITCHIMBIA', 'YEPEZ GLADYS ESPERANZA', '0603828716', 'CATOTA VELASQUE EDWIN', '0502545957', 'YEPEZ GLADYS ESPERANZA', '0603828716', '0983628920', '1750896191', NULL),
(44, '0550480164', ' DANIEL ALEXANDER', 'CHANGO ENDARA', NULL, NULL, 'SAN AGUSTIN DE CALLO CALLE 5 VIA A SAN RAMON', '2010-09-06', 'COTOPAXI/LATACUNGA/MULALO', 'CHANGO IZA ALEX MAURICIO', '0503667032', 'CHANGO ALEX', '0503667032', 'ENDARA TAIPE ANA LUCIA', '0503238156', '0979346009', '0550480164', NULL),
(45, '0550271407', 'CHANGOLUISA TOCTAGUANO KRISTEL DAYANARA', NULL, NULL, NULL, 'EL BOLICHE SIMON BOLIVAR  FRENTE AL UPC Y ESTADIO', '2011-08-24', '', 'TOCTAGUANO VALLADARES EVA ALEGRIA', '0503585473', 'CHANGOLUISA LLANO KEVIN ALCIVAR', '0503241259', 'TOCTAGUANO VALLADARES EVA ALEGRIA', '0503585473', '0967904016', '0550271407', NULL),
(46, '1728035062', 'MELANI BLANCA', 'CHICAIZA  CHICAIZA ', NULL, NULL, 'LAIGUA DE MALDONADO', '0000-00-00', 'PICHINCHA / MEJIA', 'CHICAIZA LLANO MARIA ESTHER', '0502613284', 'MIGUEL CHICAIZA', '1716379365', 'MARIA CHICAIZA', '0502613284', '0999345473', '1728035062', NULL),
(47, '0504834102', ' ALISON NICOL', 'COYACHAMIN CHANALUISA', NULL, NULL, 'SAQUISILI CENTRO FRENTE DE LA IGLESIA', '2011-09-26', 'SAQUISILI', 'CHANALUISA CHARIGUAMAN WILMA - MILITAR', '0503474462', 'JOSE ANDRES COYACHAMIN VELASQUE', '0503102634', 'WILMA ROCIO CHANALUISA CHARIGUAMAN', '0503474462', '0987743331', '0504834102', NULL),
(48, '1750805663', 'JORDANA ALEXANDRA', 'ECHEVERRIA  MAZA ', NULL, NULL, 'VILLA BRIGADA PATRIA Nº 26 NORTE', '2011-01-19', 'CHIMBORAZO/RIOBAMBA/MALDONADO', 'MAZA CASTILLO MAYRA ALEXANDRA', '0603184169', 'ECHEVERRIA MARTINEZ FELIX RICARDO', '1600424442', 'MAZA CASTILLO MAYRA ALEXANDRA', '0603184169', '0983230676', '1750805663', NULL),
(49, '0931888473', 'CARLOS ALEJANDRO', 'FALCONI VERDUGA ', NULL, NULL, 'VILLAS- 67', '2011-08-02', 'GUAYAS - GUAYAQUIL - TARQUI', 'VERDUGA GUABILES LUCRECIA VERONICA', '1205717836', 'FALCONI GADVAY CARLOS RODRIGO', '0603149675', 'VERDUGA GUABILES LUCRECIA VERONICA', '1205717836', '0985449742', '0931888473', NULL),
(50, '0550562102', 'KIMBERLY YOMAIRA', 'FLECHER CASA ', NULL, NULL, 'TANICUCHI SAN VICENTE DE TASHIMA', '2011-05-16', '', 'CASA ALMACHI JESSICA', '0503575201', '', '', 'CASA ALMACHI JESSICA', '0503575201', '0983961410', '0550562102', NULL),
(51, '0550036867', ' ROSMERY ANAHI', 'LLUMIQUINGA CHASILOA', NULL, NULL, 'SAQUISILI- CALLE 10 DE AGOSTO Y MEXICO A UNA CUADRA PASANDO LA IGLESIA', '2011-11-11', 'COTOPAXI/LATACUNGA/LA MATIZ', 'CHASILOA AGUIRRE NANCY MERCEDES', '0502411663', 'LLUMIQUINGA TOAQUIZA EDGAR PATRICIO', '0502060627', 'CHASILOA AGUIRRE NANCY MERCEDES', '0502411663', '0992858366', '0550036867', NULL),
(52, '2250033566', 'ETHAN SEBASTIAN', 'LOMAS SALVATIERRA ', NULL, NULL, 'SAN BUENAVENTURA SECTOR BELLAVISTA A DOS CUADRAS DEL PUENTE DE ALAQUEZ', '2011-04-01', 'FRANCISCO DE ORELLANA', 'SALVATIERRA CARPIO VALERIA BELEN', '2200386775', '', '', 'SALVATIERRA CARPIO VALERIA BELEN', '2200386775', '0982100160', '2250033566', NULL),
(53, '2400370165', 'TELMO CAMILO', 'ORTIZ NIVELA ', NULL, NULL, 'VILLAS FISCALES', '2011-10-18', 'SANTA ELENA CANTON LA LIBERTAD', 'NIVELA HERMENEJILDO LISSETTE ALEXANDRA', '0927665984', 'ORTIZ WINSO WALTER MAGNO', '0201761731', 'NIVELA HERMENEJILDO LISSETTE ALEXANDRA', '0927665984', '0958882781', '2400370165', NULL),
(54, '0550333223', 'DEIVITH PAUL', 'PADILLA VILLACIS ', NULL, NULL, 'EL CHASQUI', '0000-00-00', 'COTOPAXI/LATACUNGA/SAN JUAN DE PASTOCALL', 'VILLACIS PILA GESSICA FABIOLA', '0503336901', 'PADILLA PUCUJI CARLOS DAVID', '0503229916', 'VILLACIS PILA GESSICA FABIOLA', '0503336901', '0995259895', '0550333223', NULL),
(55, '1751585405', 'PETTER JHAIR', 'PARRA CANDO ', NULL, NULL, 'VILLA BRIGADA PATRIA Nº 21 NORTE', '2011-03-11', 'PICHINCHA/QUITO/ITCHIMBIA', 'CANDO ARCOS GISSELA NATALIA', '2100423488', 'PARRA RODRIGEZ BAIRON ALEJANDRO', '0921500682', 'CANDO ARCOS GISSELA NATALIA', '2100423488', '0999453535', '1751585405', NULL),
(56, '0550082663', 'HITAN ARIEL', 'QUILUMBA SOLIS ', NULL, NULL, 'GUAYTACAMA PILACOTO EN LA ESQUINA DEL ESTADIO', '2011-06-30', 'SAQUISILI', 'SOLIS TORRES ESTHELA SILVANA - MILITAR', '2100985841', 'QUILUMBA VILCA SEGUNDO LUIS', '0502462526', 'SOLIS TORRES ESTHELA SILVANA', '2100985841', '0987453471', '0550082663', NULL),
(57, '0550052021', 'JOSUE SEBASTIAN', 'QUIMBITA MIRANDA ', NULL, NULL, 'SAN BUENAVENTURA - AV. AMAZONAS A 100 M. DEL TENIS CLUB', '2011-06-16', 'COTOPAXI /LATACUNGA /LA MATRIZ', 'MIRANDA TACO MARIA FERNANDA', '1600531725', 'QUIMBITA ALMACHI WILSON ANIBAL', '0502417124', 'MIRANDA TACO MARIA FERNANDA', '1600531725', '0995422512', '0550052021', NULL),
(58, '0550022800', 'CARLOS GABRIEL', 'SANCHEZ CHANCUSIG ', NULL, NULL, 'BARRIO SAN SEBASTIAN DIAGONAL A LA CASA COMUNAL', '2011-01-17', 'COTAOPAXI/LATACUNGA/IGNACIO FLORES', 'CHANCUSIG CHANCUSIG BLANCA SUSANA', '0502633242', 'SANCHEZ JAQUE CARLOS PATRICIO', '0502588999', 'CHANCUSIG CHANCUSIG BLANCA SUSANA', '0502633242', '0987728562', '0550022800', NULL),
(59, '0550472641', 'ELEN PAMELA', 'SANGO VILCA ', NULL, NULL, 'GUAITACAMA/PILACOTO', '0000-00-00', 'LATACUNGA', 'VILCA VILCA MARIA BEATRIZ', '0502056740', 'SANGO IZA SEGUNDO ALONSO', '0501908974', 'VILCA VILCA MARIA BEATRIZ', '0502056740', '0997275872', '0550472641', NULL),
(60, '0550036909', 'JOSTYN  ISRAEL', 'SHINGON PUMASHUNTA ', NULL, NULL, 'SAN FELIPE', '2011-06-02', 'LATACUNGA - MATRIZ', 'PUMASHUNTA CHICAIZA BLANCA MARICELA', '0503405029', '', '', 'PUMASHUNTA CHICAIZA BLANCA MARICELA', '0503405029', '0969089680', '0550036909', NULL),
(61, '0550041180', 'RUTH SARAHI', 'TIGSE TONATO ', NULL, NULL, 'VIVIENDA FISCAL Nº 01', '0000-00-00', 'PASTAZA/PUYO', 'TIGSE TULLMO LUIS MEDARDO', '0502758170', 'TIGSE TULLMO LUIS MEDARDO', '0502758170', 'TONATO GUAMÁN MARÍA BEATRIZ', '0503445264', '0985466412', '0550041180', NULL),
(62, '0504430299', 'FRANCHESCA MILENA', 'VALLEJO RIOS ', NULL, NULL, 'VIVIENDA FISCAL 62 NORTE', '0000-00-00', 'CHIMBORAZO/PALLTANGA/CHIMBORAZO', 'RIOS ARMIJOS DIANA LUCRECIA', '1718959693', 'VALLEJO CUENCA HUGO EFRAIN', '0602818940', 'RIOS ARMIJOS DIANA LUCRECIA', '1718959693', '0994048703', '0504430299', NULL),
(63, '0504440611', ' DYLAN JOSHUA', 'YUGCHA CHANGOLUISA', NULL, NULL, 'SAQUISILÍ CANCHAGUA EL ESTADIO', '0000-00-00', 'COTOPAXI/SAQUISILÌ/CANCHAGUA', 'CHANGOLUISA MASAPANTA MARIA GLADYS', '0502686074', 'YUGCHA CHANGOLUISA LUIS RODRIGO', '0502880008', 'CHANGOLUISA MASAPANTA MARIA GLADYS', '0502686074', '0985568816', '0504440611', NULL),
(64, '0550001820', 'JENIFER MISHEL', 'ZAMBRANO SALINAS ', NULL, NULL, 'VIVIENDA FISCAL 09 NORTE', '0000-00-00', 'COTOPAXI LATACUNGA LA MATRIZ', 'ZAMBRANO MENDOZA JOSE ANTONIO', '0801934977', 'ZAMBRANO MENDOZA JOSE ANTONIO', '0801934977', 'MARIA LUCELLY SALINAS CARDONA', '0803497510', '0981833630', '0550001820', NULL),
(65, '0550023337', 'SAMANTA JAMILETH', 'ZAPATA PRUNA ', NULL, NULL, 'CDL SAN FRANCISCO', '2011-09-19', 'COTOPAXI LATACUNGA LA MATRIX', 'MONICA PIEDAD PRUNA TAPIA', '0503065104', 'ZAPATA VITERI EDWIN BOLIVAR', '0502922230', 'MONICA PIEDAD PRUNA TAPIA', '0503065104', '0995849212', '0550023337', NULL);

-- --------------------------------------------------------

--
-- Estructura de tabla para la tabla `examen`
--

CREATE TABLE `examen` (
  `id_exa` int(11) NOT NULL,
  `nota_exa` decimal(4,2) DEFAULT NULL,
  `quimestre_exa` varchar(45) COLLATE utf8_spanish2_ci DEFAULT NULL,
  `asignatura_exa` varchar(100) COLLATE utf8_spanish2_ci DEFAULT NULL,
  `anioInicio_exa` varchar(45) COLLATE utf8_spanish2_ci DEFAULT NULL,
  `anioFin_exa` varchar(45) COLLATE utf8_spanish2_ci DEFAULT NULL,
  `id_estu` int(5) NOT NULL
) ENGINE=InnoDB DEFAULT CHARSET=utf8 COLLATE=utf8_spanish2_ci;

--
-- Volcado de datos para la tabla `examen`
--

INSERT INTO `examen` (`id_exa`, `nota_exa`, `quimestre_exa`, `asignatura_exa`, `anioInicio_exa`, `anioFin_exa`, `id_estu`) VALUES
(1, '8.00', '1ero', 'LENGUA Y LITERATURA', '2016', '2017', 5),
(2, '8.50', '1ero', 'LENGUA Y LITERATURA', '2016', '2017', 1),
(3, '9.00', '1ero', 'LENGUA Y LITERATURA', '2016', '2017', 6),
(4, '9.00', '1ero', 'LENGUA Y LITERATURA', '2016', '2017', 2),
(5, '7.00', '1ero', 'LENGUA Y LITERATURA', '2016', '2017', 4),
(6, '8.00', '1ero', 'LENGUA Y LITERATURA', '2016', '2017', 3),
(7, '8.00', '1ero', 'LENGUA Y LITERATURA', '2016', '2017', 7),
(8, '7.00', '1ero', 'LENGUA Y LITERATURA', '2016', '2017', 8),
(9, '6.00', '1ero', 'LENGUA Y LITERATURA', '2016', '2017', 9),
(10, '7.00', '1ero', 'LENGUA Y LITERATURA', '2016', '2017', 10),
(11, '8.00', '1ero', 'LENGUA Y LITERATURA', '2016', '2017', 11),
(12, '8.70', '1ero', 'LENGUA Y LITERATURA', '2016', '2017', 12),
(13, '8.00', '1ero', 'LENGUA Y LITERATURA', '2016', '2017', 13),
(14, '8.00', '1ero', 'LENGUA Y LITERATURA', '2016', '2017', 14),
(15, '6.00', '1ero', 'LENGUA Y LITERATURA', '2016', '2017', 15),
(16, '7.00', '1ero', 'LENGUA Y LITERATURA', '2016', '2017', 16),
(17, '8.00', '1ero', 'LENGUA Y LITERATURA', '2016', '2017', 17),
(18, '9.00', '1ero', 'LENGUA Y LITERATURA', '2016', '2017', 18),
(19, '8.00', '1ero', 'LENGUA Y LITERATURA', '2016', '2017', 19),
(20, '7.00', '1ero', 'LENGUA Y LITERATURA', '2016', '2017', 20),
(21, '6.00', '1ero', 'LENGUA Y LITERATURA', '2016', '2017', 21),
(22, '7.00', '1ero', 'LENGUA Y LITERATURA', '2016', '2017', 22),
(23, '8.00', '1ero', 'LENGUA Y LITERATURA', '2016', '2017', 23),
(24, '9.00', '1ero', 'LENGUA Y LITERATURA', '2016', '2017', 24),
(25, '8.00', '1ero', 'LENGUA Y LITERATURA', '2016', '2017', 25),
(26, '7.00', '1ero', 'LENGUA Y LITERATURA', '2016', '2017', 26),
(27, '6.00', '1ero', 'LENGUA Y LITERATURA', '2016', '2017', 27),
(28, '7.90', '1ero', 'LENGUA Y LITERATURA', '2016', '2017', 28),
(29, '8.50', '1ero', 'LENGUA Y LITERATURA', '2016', '2017', 29),
(30, '9.50', '1ero', 'LENGUA Y LITERATURA', '2016', '2017', 30),
(31, '8.70', '1ero', 'LENGUA Y LITERATURA', '2016', '2017', 31),
(32, '9.00', '1ero', 'LENGUA Y LITERATURA', '2016', '2017', 32),
(33, '8.70', '2do', 'LENGUA Y LITERATURA', '2016', '2017', 1),
(34, '7.50', '2do', 'LENGUA Y LITERATURA', '2016', '2017', 3),
(35, '9.70', '2do', 'LENGUA Y LITERATURA', '2016', '2017', 5),
(36, '7.60', '2do', 'LENGUA Y LITERATURA', '2016', '2017', 2),
(37, '8.60', '2do', 'LENGUA Y LITERATURA', '2016', '2017', 4),
(38, '8.00', '2do', 'LENGUA Y LITERATURA', '2016', '2017', 6),
(39, '9.00', '2do', 'LENGUA Y LITERATURA', '2016', '2017', 7),
(40, '8.00', '2do', 'LENGUA Y LITERATURA', '2016', '2017', 8),
(41, '7.00', '2do', 'LENGUA Y LITERATURA', '2016', '2017', 9),
(42, '8.00', '2do', 'LENGUA Y LITERATURA', '2016', '2017', 10),
(43, '9.00', '2do', 'LENGUA Y LITERATURA', '2016', '2017', 11),
(44, '8.00', '2do', 'LENGUA Y LITERATURA', '2016', '2017', 12),
(45, '7.00', '2do', 'LENGUA Y LITERATURA', '2016', '2017', 13),
(46, '6.00', '2do', 'LENGUA Y LITERATURA', '2016', '2017', 14),
(47, '5.00', '2do', 'LENGUA Y LITERATURA', '2016', '2017', 15),
(48, '6.00', '2do', 'LENGUA Y LITERATURA', '2016', '2017', 16),
(49, '7.00', '2do', 'LENGUA Y LITERATURA', '2016', '2017', 17),
(50, '8.00', '2do', 'LENGUA Y LITERATURA', '2016', '2017', 18),
(51, '7.00', '2do', 'LENGUA Y LITERATURA', '2016', '2017', 19),
(52, '6.00', '2do', 'LENGUA Y LITERATURA', '2016', '2017', 20),
(53, '7.00', '2do', 'LENGUA Y LITERATURA', '2016', '2017', 21),
(54, '7.00', '2do', 'LENGUA Y LITERATURA', '2016', '2017', 22),
(55, '8.00', '2do', 'LENGUA Y LITERATURA', '2016', '2017', 23),
(56, '9.00', '2do', 'LENGUA Y LITERATURA', '2016', '2017', 24),
(57, '8.00', '2do', 'LENGUA Y LITERATURA', '2016', '2017', 25),
(58, '7.00', '2do', 'LENGUA Y LITERATURA', '2016', '2017', 26),
(59, '6.00', '2do', 'LENGUA Y LITERATURA', '2016', '2017', 27),
(60, '7.00', '2do', 'LENGUA Y LITERATURA', '2016', '2017', 28),
(61, '8.90', '2do', 'LENGUA Y LITERATURA', '2016', '2017', 29),
(62, '8.00', '2do', 'LENGUA Y LITERATURA', '2016', '2017', 30),
(63, '7.00', '2do', 'LENGUA Y LITERATURA', '2016', '2017', 31),
(64, '8.00', '2do', 'LENGUA Y LITERATURA', '2016', '2017', 32),
(65, '8.90', '1ero', 'MATEMÁTICAS', '2016', '2017', 33),
(66, '8.60', '2do', 'MATEMÁTICAS', '2016', '2017', 33),
(67, '8.00', '1ero', 'FISICA', '2016', '2017', 33),
(68, '9.00', '2do', 'FISICA', '2016', '2017', 33),
(69, '8.00', '2do', 'QUIMICA', '2016', '2017', 33),
(70, '8.70', '1ero', 'QUIMICA', '2016', '2017', 33),
(71, '8.90', '1ero', 'BIOLOGIA', '2016', '2017', 33),
(72, '7.00', '2do', 'BIOLOGIA', '2016', '2017', 33),
(73, '7.00', '2do', 'HISTORIA', '2016', '2017', 33),
(74, '8.00', '1ero', 'HISTORIA', '2016', '2017', 33),
(75, '8.00', '1ero', 'LENGUA Y LITERATURA', '2016', '2017', 33),
(76, '7.00', '2do', 'LENGUA Y LITERATURA', '2016', '2017', 33),
(77, '8.00', '2do', 'INGLES', '2016', '2017', 33),
(78, '7.90', '1ero', 'INGLES', '2016', '2017', 33),
(79, '9.00', '1ero', 'EDUCACION CULTURAL Y ARTISTICA', '2016', '2017', 33),
(80, '7.00', '2do', 'EDUCACION CULTURAL Y ARTISTICA', '2016', '2017', 33),
(81, '7.00', '2do', 'EDUCACION FISICA', '2016', '2017', 33),
(82, '7.90', '1ero', 'EDUCACION FISICA', '2016', '2017', 33),
(83, '7.00', '1ero', 'EMPRENDIMIENTO Y GESTION', '2016', '2017', 33),
(84, '6.80', '2do', 'EMPRENDIMIENTO Y GESTION', '2016', '2017', 33),
(85, '7.00', '2do', 'INVESTIGACION', '2016', '2017', 33),
(86, '8.00', '1ero', 'INVESTIGACION', '2016', '2017', 33),
(87, '6.00', '1ero', 'FILOSOFIA', '2016', '2017', 33),
(88, '7.00', '2do', 'FILOSOFIA', '2016', '2017', 33),
(89, '7.00', '2do', 'EDUCACION PARA LA CIUDADANA', '2016', '2017', 33),
(90, '8.50', '1ero', 'EDUCACION PARA LA CIUDADANA', '2016', '2017', 33);

-- --------------------------------------------------------

--
-- Estructura de tabla para la tabla `examen_gracia`
--

CREATE TABLE `examen_gracia` (
  `id_gra` int(11) NOT NULL,
  `nota_gra` decimal(4,2) DEFAULT NULL,
  `asignatura_gra` varchar(100) COLLATE utf8_spanish2_ci DEFAULT NULL,
  `anioInicio_gra` varchar(45) COLLATE utf8_spanish2_ci DEFAULT NULL,
  `anioFin_gra` varchar(45) COLLATE utf8_spanish2_ci DEFAULT NULL,
  `id_estu` int(5) NOT NULL
) ENGINE=InnoDB DEFAULT CHARSET=utf8 COLLATE=utf8_spanish2_ci;

-- --------------------------------------------------------

--
-- Estructura de tabla para la tabla `examen_supletorio`
--

CREATE TABLE `examen_supletorio` (
  `id_suple` int(11) NOT NULL,
  `nota_suple` decimal(4,2) DEFAULT NULL,
  `asignatura_suple` varchar(100) COLLATE utf8_spanish2_ci DEFAULT NULL,
  `anioInicio_suple` varchar(45) COLLATE utf8_spanish2_ci DEFAULT NULL,
  `anioFin_suple` varchar(45) COLLATE utf8_spanish2_ci DEFAULT NULL,
  `id_estu` int(5) NOT NULL
) ENGINE=InnoDB DEFAULT CHARSET=utf8 COLLATE=utf8_spanish2_ci;

--
-- Volcado de datos para la tabla `examen_supletorio`
--

INSERT INTO `examen_supletorio` (`id_suple`, `nota_suple`, `asignatura_suple`, `anioInicio_suple`, `anioFin_suple`, `id_estu`) VALUES
(1, '7.00', 'LENGUA Y LITERATURA', '2016', '2017', 1),
(2, '9.50', 'LENGUA Y LITERATURA', '2016', '2017', 2);

-- --------------------------------------------------------

--
-- Estructura de tabla para la tabla `ingreso_notas_estado`
--

CREATE TABLE `ingreso_notas_estado` (
  `id_ine` int(4) NOT NULL,
  `estado_ine` varchar(45) COLLATE utf8_spanish2_ci DEFAULT NULL,
  `parcial1_ine` varchar(45) COLLATE utf8_spanish2_ci DEFAULT NULL,
  `parcial2_ine` varchar(45) COLLATE utf8_spanish2_ci DEFAULT NULL,
  `parcial3_ine` varchar(45) COLLATE utf8_spanish2_ci DEFAULT NULL,
  `quimestre1_ine` varchar(45) COLLATE utf8_spanish2_ci DEFAULT NULL,
  `quimestre2_ine` varchar(45) COLLATE utf8_spanish2_ci DEFAULT NULL,
  `examenes` varchar(45) COLLATE utf8_spanish2_ci DEFAULT NULL
) ENGINE=InnoDB DEFAULT CHARSET=utf8 COLLATE=utf8_spanish2_ci;

-- --------------------------------------------------------

--
-- Estructura de tabla para la tabla `matricula`
--

CREATE TABLE `matricula` (
  `id_matr` int(5) NOT NULL,
  `fechainicio_matr` date DEFAULT NULL,
  `fechafin_matr` date DEFAULT NULL,
  `estado_matr` varchar(50) COLLATE utf8_spanish2_ci DEFAULT NULL,
  `paralelo_matr` varchar(10) COLLATE utf8_spanish2_ci DEFAULT NULL,
  `id_curs` int(4) NOT NULL,
  `id_estu` int(5) NOT NULL,
  `nivel_matr` varchar(45) COLLATE utf8_spanish2_ci DEFAULT NULL
) ENGINE=InnoDB DEFAULT CHARSET=utf8 COLLATE=utf8_spanish2_ci;

--
-- Volcado de datos para la tabla `matricula`
--

INSERT INTO `matricula` (`id_matr`, `fechainicio_matr`, `fechafin_matr`, `estado_matr`, `paralelo_matr`, `id_curs`, `id_estu`, `nivel_matr`) VALUES
(1, '2016-09-01', '2017-07-28', NULL, 'A', 667, 1, 'Educacion General Basica'),
(2, '2016-09-01', '2017-07-28', NULL, 'A', 667, 2, 'Educacion General Basica'),
(3, '2016-09-01', '2017-07-28', NULL, 'A', 667, 3, 'Educacion General Basica'),
(4, '2016-09-01', '2017-07-28', NULL, 'A', 667, 4, 'Educacion General Basica'),
(5, '2016-09-01', '2017-07-28', NULL, 'A', 667, 5, 'Educacion General Basica'),
(7, '2016-09-01', '2017-07-28', NULL, 'A', 667, 6, 'Educacion General Basica'),
(8, '2016-09-01', '2017-07-28', NULL, 'A', 667, 7, 'Educacion General Basica'),
(9, '2016-09-01', '2017-07-28', NULL, 'A', 667, 8, 'Educacion General Basica'),
(10, '2016-09-01', '2017-07-28', NULL, 'A', 667, 9, 'Educacion General Basica'),
(11, '2016-09-01', '2017-07-28', NULL, 'A', 667, 10, 'Educacion General Basica'),
(12, '2016-09-01', '2017-07-28', NULL, 'A', 667, 11, 'Educacion General Basica'),
(13, '2016-09-01', '2017-07-28', NULL, 'A', 667, 12, 'Educacion General Basica'),
(14, '2016-09-01', '2017-07-28', NULL, 'A', 667, 13, 'Educacion General Basica'),
(15, '2016-09-01', '2017-07-28', NULL, 'A', 667, 14, 'Educacion General Basica'),
(16, '2016-09-01', '2017-07-28', NULL, 'A', 667, 15, 'Educacion General Basica'),
(17, '2016-09-01', '2017-07-28', NULL, 'A', 667, 16, 'Educacion General Basica'),
(18, '2016-09-01', '2017-07-28', NULL, 'A', 667, 17, 'Educacion General Basica'),
(19, '2016-09-01', '2017-07-28', NULL, 'A', 667, 18, 'Educacion General Basica'),
(20, '2016-09-01', '2017-07-28', NULL, 'A', 667, 19, 'Educacion General Basica'),
(21, '2016-09-01', '2017-07-28', NULL, 'A', 667, 20, 'Educacion General Basica'),
(22, '2016-09-01', '2017-07-28', NULL, 'A', 667, 21, 'Educacion General Basica'),
(23, '2016-09-01', '2017-07-28', NULL, 'A', 667, 22, 'Educacion General Basica'),
(24, '2016-09-01', '2017-07-28', NULL, 'A', 667, 23, 'Educacion General Basica'),
(25, '2016-09-01', '2017-07-28', NULL, 'A', 667, 24, 'Educacion General Basica'),
(26, '2016-09-01', '2017-07-28', NULL, 'A', 667, 25, 'Educacion General Basica'),
(27, '2016-09-01', '2017-07-28', NULL, 'A', 667, 26, 'Educacion General Basica'),
(28, '2016-09-01', '2017-07-28', NULL, 'A', 667, 27, 'Educacion General Basica'),
(29, '2016-09-01', '2017-07-28', NULL, 'A', 667, 28, 'Educacion General Basica'),
(30, '2016-09-01', '2017-07-28', NULL, 'A', 667, 29, 'Educacion General Basica'),
(31, '2016-09-01', '2017-07-28', NULL, 'A', 667, 30, 'Educacion General Basica'),
(32, '2016-09-01', '2017-07-28', NULL, 'A', 667, 31, 'Educacion General Basica'),
(33, '2016-09-01', '2017-07-28', NULL, 'A', 667, 32, 'Educacion General Basica'),
(34, '2016-01-01', '2017-01-01', NULL, 'A', 677, 33, 'Educacion General Superior'),
(35, '2016-09-01', '2017-07-28', NULL, 'B', 667, 34, 'Educacion General Basica'),
(36, '2016-09-02', '2017-07-29', NULL, 'B', 667, 35, 'Educacion General Basica'),
(37, '2016-09-03', '2017-07-30', NULL, 'B', 667, 36, 'Educacion General Basica'),
(38, '2016-09-04', '2017-07-31', NULL, 'B', 667, 37, 'Educacion General Basica'),
(39, '2016-09-05', '2017-08-01', NULL, 'B', 667, 38, 'Educacion General Basica'),
(40, '2016-09-06', '2017-08-02', NULL, 'B', 667, 39, 'Educacion General Basica'),
(41, '2016-09-07', '2017-08-03', NULL, 'B', 667, 40, 'Educacion General Basica'),
(42, '2016-09-08', '2017-08-04', NULL, 'B', 667, 41, 'Educacion General Basica'),
(43, '2016-09-09', '2017-08-05', NULL, 'B', 667, 42, 'Educacion General Basica'),
(44, '2016-09-10', '2017-08-06', NULL, 'B', 667, 43, 'Educacion General Basica'),
(45, '2016-09-11', '2017-08-07', NULL, 'B', 667, 44, 'Educacion General Basica'),
(46, '2016-09-12', '2017-08-08', NULL, 'B', 667, 45, 'Educacion General Basica'),
(47, '2016-09-13', '2017-08-09', NULL, 'B', 667, 46, 'Educacion General Basica'),
(48, '2016-09-14', '2017-08-10', NULL, 'B', 667, 47, 'Educacion General Basica'),
(49, '2016-09-15', '2017-08-11', NULL, 'B', 667, 48, 'Educacion General Basica'),
(50, '2016-09-16', '2017-08-12', NULL, 'B', 667, 49, 'Educacion General Basica'),
(51, '2016-09-17', '2017-08-13', NULL, 'B', 667, 50, 'Educacion General Basica'),
(52, '2016-09-18', '2017-08-14', NULL, 'B', 667, 51, 'Educacion General Basica'),
(53, '2016-09-19', '2017-08-15', NULL, 'B', 667, 52, 'Educacion General Basica'),
(54, '2016-09-20', '2017-08-16', NULL, 'B', 667, 53, 'Educacion General Basica'),
(55, '2016-09-21', '2017-08-17', NULL, 'B', 667, 54, 'Educacion General Basica'),
(56, '2016-09-22', '2017-08-18', NULL, 'B', 667, 55, 'Educacion General Basica'),
(57, '2016-09-23', '2017-08-19', NULL, 'B', 667, 56, 'Educacion General Basica'),
(58, '2016-09-24', '2017-08-20', NULL, 'B', 667, 57, 'Educacion General Basica'),
(59, '2016-09-25', '2017-08-21', NULL, 'B', 667, 58, 'Educacion General Basica'),
(60, '2016-09-26', '2017-08-22', NULL, 'B', 667, 59, 'Educacion General Basica'),
(61, '2016-09-27', '2017-08-23', NULL, 'B', 667, 60, 'Educacion General Basica'),
(62, '2016-09-28', '2017-08-24', NULL, 'B', 667, 61, 'Educacion General Basica'),
(63, '2016-09-29', '2017-08-25', NULL, 'B', 667, 62, 'Educacion General Basica'),
(64, '2016-09-30', '2017-08-26', NULL, 'B', 667, 63, 'Educacion General Basica'),
(65, '2016-10-01', '2017-08-27', NULL, 'B', 667, 64, 'Educacion General Basica'),
(66, '2016-10-02', '2017-08-28', NULL, 'B', 667, 65, 'Educacion General Basica');

-- --------------------------------------------------------

--
-- Estructura de tabla para la tabla `parcial_1`
--

CREATE TABLE `parcial_1` (
  `id_p1` int(11) NOT NULL,
  `parametro1_p1` decimal(4,2) DEFAULT NULL,
  `parametro2_p1` decimal(4,2) DEFAULT NULL,
  `parametro3_p1` decimal(4,2) DEFAULT NULL,
  `parametro4_p1` decimal(4,2) DEFAULT NULL,
  `quimestre_p1` varchar(45) COLLATE utf8_spanish2_ci DEFAULT NULL,
  `asignatura_p1` varchar(100) COLLATE utf8_spanish2_ci DEFAULT NULL,
  `anioInicio_p1` varchar(45) COLLATE utf8_spanish2_ci DEFAULT NULL,
  `anioFin_p1` varchar(45) COLLATE utf8_spanish2_ci DEFAULT NULL,
  `id_estu` int(5) NOT NULL,
  `id_asig` int(4) NOT NULL
) ENGINE=InnoDB DEFAULT CHARSET=utf8 COLLATE=utf8_spanish2_ci;

--
-- Volcado de datos para la tabla `parcial_1`
--

INSERT INTO `parcial_1` (`id_p1`, `parametro1_p1`, `parametro2_p1`, `parametro3_p1`, `parametro4_p1`, `quimestre_p1`, `asignatura_p1`, `anioInicio_p1`, `anioFin_p1`, `id_estu`, `id_asig`) VALUES
(1, '5.00', '6.00', '8.00', '9.00', '1ero', 'LENGUA Y LITERATURA', '2016', '2017', 1, 0),
(2, '2.00', '3.00', '4.00', '5.90', '1ero', 'LENGUA Y LITERATURA', '2016', '2017', 2, 0),
(3, '9.00', '9.00', '8.00', '8.00', '1ero', 'LENGUA Y LITERATURA', '2016', '2017', 3, 0),
(4, '5.00', '5.00', '6.00', '9.00', '1ero', 'LENGUA Y LITERATURA', '2016', '2017', 4, 0),
(5, '7.50', '8.50', '7.50', '9.50', '1ero', 'LENGUA Y LITERATURA', '2016', '2017', 6, 0),
(6, '7.00', '7.00', '8.00', '9.00', '1ero', 'LENGUA Y LITERATURA', '2016', '2017', 5, 0),
(7, '4.00', '8.00', '8.00', '9.00', '1ero', 'LENGUA Y LITERATURA', '2016', '2017', 7, 0),
(8, '7.00', '7.00', '7.00', '7.00', '1ero', 'LENGUA Y LITERATURA', '2016', '2017', 8, 0),
(9, '9.00', '9.00', '9.00', '9.00', '1ero', 'LENGUA Y LITERATURA', '2016', '2017', 9, 0),
(10, '8.00', '8.00', '8.00', '8.00', '1ero', 'LENGUA Y LITERATURA', '2016', '2017', 10, 0),
(11, '7.00', '8.00', '9.00', '8.00', '1ero', 'LENGUA Y LITERATURA', '2016', '2017', 11, 0),
(12, '7.00', '8.00', '7.00', '8.00', '1ero', 'LENGUA Y LITERATURA', '2016', '2017', 12, 0),
(13, '7.00', '7.00', '7.00', '7.00', '1ero', 'LENGUA Y LITERATURA', '2016', '2017', 13, 0),
(14, '9.00', '9.00', '9.00', '8.00', '1ero', 'LENGUA Y LITERATURA', '2016', '2017', 14, 0),
(15, '8.00', '8.00', '9.00', '9.00', '1ero', 'LENGUA Y LITERATURA', '2016', '2017', 15, 0),
(16, '8.00', '8.00', '9.00', '9.00', '1ero', 'LENGUA Y LITERATURA', '2016', '2017', 16, 0),
(17, '7.00', '7.00', '7.00', '9.00', '1ero', 'LENGUA Y LITERATURA', '2016', '2017', 17, 0),
(18, '8.00', '8.00', '8.00', '7.00', '1ero', 'LENGUA Y LITERATURA', '2016', '2017', 18, 0),
(19, '7.00', '7.00', '8.00', '8.00', '1ero', 'LENGUA Y LITERATURA', '2016', '2017', 19, 0),
(20, '9.00', '9.00', '9.00', '8.00', '1ero', 'LENGUA Y LITERATURA', '2016', '2017', 20, 0),
(21, '7.00', '8.00', '7.00', '7.00', '1ero', 'LENGUA Y LITERATURA', '2016', '2017', 21, 0),
(22, '8.00', '8.00', '9.00', '9.00', '1ero', 'LENGUA Y LITERATURA', '2016', '2017', 22, 0),
(23, '8.00', '8.00', '7.00', '7.00', '1ero', 'LENGUA Y LITERATURA', '2016', '2017', 23, 0),
(24, '8.00', '8.00', '8.00', '9.00', '1ero', 'LENGUA Y LITERATURA', '2016', '2017', 24, 0),
(25, '8.00', '8.00', '8.00', '8.00', '1ero', 'LENGUA Y LITERATURA', '2016', '2017', 25, 0),
(26, '8.00', '8.00', '7.00', '7.00', '1ero', 'LENGUA Y LITERATURA', '2016', '2017', 27, 0),
(27, '9.00', '9.00', '9.00', '9.00', '1ero', 'LENGUA Y LITERATURA', '2016', '2017', 26, 0),
(28, '8.00', '7.00', '8.00', '7.00', '1ero', 'LENGUA Y LITERATURA', '2016', '2017', 28, 0),
(29, '8.00', '7.00', '7.00', '7.00', '1ero', 'LENGUA Y LITERATURA', '2016', '2017', 29, 0),
(30, '8.00', '8.00', '7.00', '7.00', '1ero', 'LENGUA Y LITERATURA', '2016', '2017', 30, 0),
(31, '8.00', '7.00', '9.00', '9.00', '1ero', 'LENGUA Y LITERATURA', '2016', '2017', 31, 0),
(32, '6.00', '6.00', '7.00', '9.00', '1ero', 'LENGUA Y LITERATURA', '2016', '2017', 32, 0),
(33, '8.00', '9.00', '7.00', '4.00', '2do', 'LENGUA Y LITERATURA', '2016', '2017', 1, 0),
(34, '8.00', '9.00', '8.00', '7.00', '2do', 'LENGUA Y LITERATURA', '2016', '2017', 2, 0),
(35, '6.00', '7.00', '7.00', '7.00', '2do', 'LENGUA Y LITERATURA', '2016', '2017', 3, 0),
(36, '9.00', '8.00', '7.00', '6.00', '2do', 'LENGUA Y LITERATURA', '2016', '2017', 5, 0),
(37, '6.00', '7.00', '7.00', '8.00', '2do', 'LENGUA Y LITERATURA', '2016', '2017', 4, 0),
(38, '7.00', '8.00', '9.00', '8.00', '2do', 'LENGUA Y LITERATURA', '2016', '2017', 6, 0),
(39, '7.00', '6.00', '5.00', '6.00', '2do', 'LENGUA Y LITERATURA', '2016', '2017', 7, 0),
(40, '7.00', '8.00', '9.00', '8.00', '2do', 'LENGUA Y LITERATURA', '2016', '2017', 8, 0),
(41, '7.00', '6.00', '7.00', '8.00', '2do', 'LENGUA Y LITERATURA', '2016', '2017', 9, 0),
(42, '9.00', '7.00', '6.00', '8.00', '2do', 'LENGUA Y LITERATURA', '2016', '2017', 10, 0),
(43, '7.00', '6.00', '7.00', '8.00', '2do', 'LENGUA Y LITERATURA', '2016', '2017', 11, 0),
(44, '9.00', '8.00', '7.00', '6.00', '2do', 'LENGUA Y LITERATURA', '2016', '2017', 12, 0),
(45, '7.00', '8.00', '9.00', '8.00', '2do', 'LENGUA Y LITERATURA', '2016', '2017', 13, 0),
(46, '7.00', '6.00', '7.00', '6.00', '2do', 'LENGUA Y LITERATURA', '2016', '2017', 14, 0),
(47, '6.00', '7.00', '7.00', '8.00', '2do', 'LENGUA Y LITERATURA', '2016', '2017', 15, 0),
(48, '9.00', '8.00', '7.00', '6.00', '2do', 'LENGUA Y LITERATURA', '2016', '2017', 16, 0),
(49, '5.00', '6.00', '7.00', '8.00', '2do', 'LENGUA Y LITERATURA', '2016', '2017', 17, 0),
(50, '9.00', '8.00', '7.00', '7.00', '2do', 'LENGUA Y LITERATURA', '2016', '2017', 18, 0),
(51, '8.00', '9.00', '8.00', '7.00', '2do', 'LENGUA Y LITERATURA', '2016', '2017', 19, 0),
(52, '6.00', '7.00', '8.00', '7.00', '2do', 'LENGUA Y LITERATURA', '2016', '2017', 20, 0),
(53, '9.00', '8.00', '7.00', '6.00', '2do', 'LENGUA Y LITERATURA', '2016', '2017', 21, 0),
(54, '7.00', '8.00', '9.00', '8.00', '2do', 'LENGUA Y LITERATURA', '2016', '2017', 22, 0),
(55, '7.00', '6.00', '7.00', '8.00', '2do', 'LENGUA Y LITERATURA', '2016', '2017', 23, 0),
(56, '0.00', '8.00', '7.00', '6.00', '2do', 'LENGUA Y LITERATURA', '2016', '2017', 24, 0),
(57, '7.00', '7.00', '8.00', '9.00', '2do', 'LENGUA Y LITERATURA', '2016', '2017', 25, 0),
(58, '9.00', '8.00', '6.00', '9.00', '2do', 'LENGUA Y LITERATURA', '2016', '2017', 26, 0),
(59, '8.00', '7.00', '6.00', '6.00', '2do', 'LENGUA Y LITERATURA', '2016', '2017', 27, 0),
(60, '8.00', '7.00', '8.00', '8.00', '2do', 'LENGUA Y LITERATURA', '2016', '2017', 28, 0),
(61, '9.00', '8.00', '7.00', '7.00', '2do', 'LENGUA Y LITERATURA', '2016', '2017', 29, 0),
(62, '9.00', '9.00', '8.00', '7.00', '2do', 'LENGUA Y LITERATURA', '2016', '2017', 30, 0),
(63, '9.00', '8.00', '8.00', '8.00', '2do', 'LENGUA Y LITERATURA', '2016', '2017', 31, 0),
(64, '9.00', '9.00', '9.00', '9.00', '2do', 'LENGUA Y LITERATURA', '2016', '2017', 32, 0),
(65, '8.00', '7.00', '6.00', '8.00', '1ero', 'MATEMÁTICAS', '2016', '2017', 33, 3),
(66, '6.80', '7.90', '8.60', '9.00', '1ero', 'FISICA', '2016', '2017', 33, 15),
(67, '9.00', '8.00', '6.00', '7.00', '1ero', 'QUIMICA', '2016', '2017', 33, 16),
(68, '7.50', '8.90', '8.00', '7.00', '1ero', 'BIOLOGIA', '2016', '2017', 33, 10),
(69, '8.00', '7.00', '6.00', '8.00', '1ero', 'HISTORIA', '2016', '2017', 33, 14),
(70, '8.00', '7.00', '7.00', '8.00', '1ero', 'LENGUA Y LITERATURA', '2016', '2017', 33, 1),
(71, '8.00', '7.50', '8.00', '8.00', '1ero', 'INGLES', '2016', '2017', 33, 4),
(72, '7.80', '8.60', '9.00', '8.00', '1ero', 'EDUCACION CULTURAL Y ARTISTICA', '2016', '2017', 33, 8),
(73, '7.00', '7.00', '8.00', '9.00', '1ero', 'EDUCACION FISICA', '2016', '2017', 33, 7),
(74, '8.00', '7.60', '9.50', '8.00', '1ero', 'EMPRENDIMIENTO Y GESTION', '2016', '2017', 33, 19),
(75, '8.00', '8.00', '6.00', '9.00', '1ero', 'INVESTIGACION', '2016', '2017', 33, 20),
(76, '8.00', '9.00', '7.00', '7.00', '1ero', 'FILOSOFIA', '2016', '2017', 33, 0),
(77, '7.80', '9.80', '9.50', '8.00', '1ero', 'EDUCACION PARA LA CIUDADANA', '2016', '2017', 33, 0),
(78, '8.00', '8.00', '9.00', '9.00', '2do', 'MATEMÁTICAS', '2016', '2017', 33, 0),
(79, '8.00', '7.00', '7.00', '8.00', '2do', 'FISICA', '2016', '2017', 33, 0),
(80, '8.00', '8.00', '8.00', '9.00', '2do', 'QUIMICA', '2016', '2017', 33, 0),
(81, '7.00', '8.00', '7.00', '7.00', '2do', 'BIOLOGIA', '2016', '2017', 33, 0),
(82, '8.00', '7.00', '8.00', '7.00', '2do', 'HISTORIA', '2016', '2017', 33, 0),
(83, '8.00', '7.00', '7.00', '6.00', '2do', 'LENGUA Y LITERATURA', '2016', '2017', 33, 0),
(84, '7.00', '8.00', '7.00', '8.00', '2do', 'INGLES', '2016', '2017', 33, 0),
(85, '7.00', '8.00', '7.00', '9.00', '2do', 'EDUCACION CULTURAL Y ARTISTICA', '2016', '2017', 33, 0),
(86, '7.90', '9.70', '8.90', '8.00', '2do', 'EDUCACION FISICA', '2016', '2017', 33, 0),
(87, '7.00', '7.00', '8.00', '7.00', '2do', 'EMPRENDIMIENTO Y GESTION', '2016', '2017', 33, 0),
(88, '7.00', '6.00', '6.00', '8.00', '2do', 'INVESTIGACION', '2016', '2017', 33, 0),
(89, '8.00', '7.00', '7.00', '8.00', '2do', 'FILOSOFIA', '2016', '2017', 33, 0),
(90, '8.00', '9.00', '8.80', '9.90', '2do', 'EDUCACION PARA LA CIUDADANA', '2016', '2017', 33, 0);

-- --------------------------------------------------------

--
-- Estructura de tabla para la tabla `parcial_2`
--

CREATE TABLE `parcial_2` (
  `id_p2` int(11) NOT NULL,
  `parametro1_p2` decimal(4,2) DEFAULT NULL,
  `parametro2_p2` decimal(4,2) DEFAULT NULL,
  `parametro3_p2` decimal(4,2) DEFAULT NULL,
  `parametro4_p2` decimal(4,2) DEFAULT NULL,
  `quimestre_p2` varchar(45) COLLATE utf8_spanish2_ci DEFAULT NULL,
  `asignatura_p2` varchar(100) COLLATE utf8_spanish2_ci DEFAULT NULL,
  `anioInicio_p2` varchar(45) COLLATE utf8_spanish2_ci DEFAULT NULL,
  `anioFin_p2` varchar(45) COLLATE utf8_spanish2_ci DEFAULT NULL,
  `id_estu` int(5) NOT NULL,
  `id_asig` int(4) NOT NULL
) ENGINE=InnoDB DEFAULT CHARSET=utf8 COLLATE=utf8_spanish2_ci;

--
-- Volcado de datos para la tabla `parcial_2`
--

INSERT INTO `parcial_2` (`id_p2`, `parametro1_p2`, `parametro2_p2`, `parametro3_p2`, `parametro4_p2`, `quimestre_p2`, `asignatura_p2`, `anioInicio_p2`, `anioFin_p2`, `id_estu`, `id_asig`) VALUES
(1, '8.00', '8.00', '7.00', '7.00', '1ero', 'LENGUA Y LITERATURA', '2016', '2017', 4, 0),
(2, '3.00', '3.50', '3.90', '9.40', '1ero', 'LENGUA Y LITERATURA', '2016', '2017', 1, 0),
(3, '0.00', '0.00', '8.00', '8.00', '1ero', 'LENGUA Y LITERATURA', '2016', '2017', 2, 0),
(4, '8.70', '8.00', '8.00', '8.00', '1ero', 'LENGUA Y LITERATURA', '2016', '2017', 6, 0),
(5, '7.00', '7.00', '7.00', '8.00', '1ero', 'LENGUA Y LITERATURA', '2016', '2017', 3, 0),
(6, '8.50', '8.90', '9.00', '9.00', '1ero', 'LENGUA Y LITERATURA', '2016', '2017', 5, 0),
(7, '8.00', '8.00', '7.00', '7.00', '1ero', 'LENGUA Y LITERATURA', '2016', '2017', 7, 0),
(8, '6.00', '6.00', '9.00', '8.00', '1ero', 'LENGUA Y LITERATURA', '2016', '2017', 8, 0),
(9, '8.00', '8.00', '9.80', '7.00', '1ero', 'LENGUA Y LITERATURA', '2016', '2017', 9, 0),
(10, '8.00', '8.00', '8.00', '9.00', '1ero', 'LENGUA Y LITERATURA', '2016', '2017', 10, 0),
(11, '9.00', '7.00', '8.00', '7.00', '1ero', 'LENGUA Y LITERATURA', '2016', '2017', 11, 0),
(12, '9.00', '6.00', '7.00', '8.00', '1ero', 'LENGUA Y LITERATURA', '2016', '2017', 12, 0),
(13, '5.00', '6.00', '7.00', '8.00', '1ero', 'LENGUA Y LITERATURA', '2016', '2017', 13, 0),
(14, '9.00', '9.00', '9.00', '7.00', '1ero', 'LENGUA Y LITERATURA', '2016', '2017', 14, 0),
(15, '8.00', '8.00', '8.00', '7.00', '1ero', 'LENGUA Y LITERATURA', '2016', '2017', 15, 0),
(16, '9.00', '9.00', '8.00', '7.00', '1ero', 'LENGUA Y LITERATURA', '2016', '2017', 16, 0),
(17, '6.00', '7.00', '8.00', '9.00', '1ero', 'LENGUA Y LITERATURA', '2016', '2017', 17, 0),
(18, '9.00', '9.00', '9.00', '7.00', '1ero', 'LENGUA Y LITERATURA', '2016', '2017', 18, 0),
(19, '8.00', '8.00', '8.00', '8.00', '1ero', 'LENGUA Y LITERATURA', '2016', '2017', 19, 0),
(20, '9.00', '9.00', '9.00', '7.00', '1ero', 'LENGUA Y LITERATURA', '2016', '2017', 20, 0),
(21, '8.00', '8.00', '8.00', '7.00', '1ero', 'LENGUA Y LITERATURA', '2016', '2017', 21, 0),
(22, '6.00', '7.00', '7.00', '8.00', '1ero', 'LENGUA Y LITERATURA', '2016', '2017', 22, 0),
(23, '8.00', '8.00', '8.00', '8.00', '1ero', 'LENGUA Y LITERATURA', '2016', '2017', 23, 0),
(24, '8.00', '8.00', '8.00', '8.00', '1ero', 'LENGUA Y LITERATURA', '2016', '2017', 24, 0),
(25, '8.00', '8.00', '8.00', '8.00', '1ero', 'LENGUA Y LITERATURA', '2016', '2017', 25, 0),
(26, '8.00', '8.00', '8.00', '9.00', '1ero', 'LENGUA Y LITERATURA', '2016', '2017', 26, 0),
(27, '9.00', '9.00', '9.00', '9.00', '1ero', 'LENGUA Y LITERATURA', '2016', '2017', 27, 0),
(28, '8.00', '8.00', '7.00', '7.00', '1ero', 'LENGUA Y LITERATURA', '2016', '2017', 28, 0),
(29, '8.00', '8.00', '9.00', '9.00', '1ero', 'LENGUA Y LITERATURA', '2016', '2017', 29, 0),
(30, '7.00', '7.00', '7.00', '9.00', '1ero', 'LENGUA Y LITERATURA', '2016', '2017', 30, 0),
(31, '8.00', '8.00', '8.00', '9.00', '1ero', 'LENGUA Y LITERATURA', '2016', '2017', 31, 0),
(32, '7.00', '8.00', '9.00', '9.00', '1ero', 'LENGUA Y LITERATURA', '2016', '2017', 32, 0),
(33, '8.00', '7.00', '6.00', '7.00', '2do', 'LENGUA Y LITERATURA', '2016', '2017', 3, 0),
(34, '9.00', '8.00', '7.00', '6.00', '2do', 'LENGUA Y LITERATURA', '2016', '2017', 6, 0),
(35, '8.00', '2.00', '4.00', '5.00', '2do', 'LENGUA Y LITERATURA', '2016', '2017', 1, 0),
(36, '8.00', '7.00', '7.00', '8.00', '2do', 'LENGUA Y LITERATURA', '2016', '2017', 4, 0),
(37, '8.00', '9.00', '9.00', '9.00', '2do', 'LENGUA Y LITERATURA', '2016', '2017', 2, 0),
(38, '8.00', '9.00', '8.00', '7.00', '2do', 'LENGUA Y LITERATURA', '2016', '2017', 5, 0),
(39, '7.00', '8.00', '7.00', '9.00', '2do', 'LENGUA Y LITERATURA', '2016', '2017', 7, 0),
(40, '8.00', '7.00', '8.00', '9.00', '2do', 'LENGUA Y LITERATURA', '2016', '2017', 9, 0),
(41, '8.00', '8.00', '9.00', '5.00', '2do', 'LENGUA Y LITERATURA', '2016', '2017', 8, 0),
(42, '9.00', '8.00', '7.00', '8.00', '2do', 'LENGUA Y LITERATURA', '2016', '2017', 10, 0),
(43, '7.00', '9.00', '8.00', '7.00', '2do', 'LENGUA Y LITERATURA', '2016', '2017', 11, 0),
(44, '7.00', '8.00', '9.00', '8.00', '2do', 'LENGUA Y LITERATURA', '2016', '2017', 12, 0),
(45, '7.00', '7.00', '8.00', '9.00', '2do', 'LENGUA Y LITERATURA', '2016', '2017', 13, 0),
(46, '8.00', '7.00', '7.00', '8.00', '2do', 'LENGUA Y LITERATURA', '2016', '2017', 14, 0),
(47, '9.00', '8.00', '7.00', '6.00', '2do', 'LENGUA Y LITERATURA', '2016', '2017', 15, 0),
(48, '6.00', '7.00', '8.00', '9.00', '2do', 'LENGUA Y LITERATURA', '2016', '2017', 16, 0),
(49, '8.00', '9.00', '8.00', '7.00', '2do', 'LENGUA Y LITERATURA', '2016', '2017', 17, 0),
(50, '6.00', '6.00', '7.00', '8.00', '2do', 'LENGUA Y LITERATURA', '2016', '2017', 18, 0),
(51, '9.00', '8.00', '7.00', '6.00', '2do', 'LENGUA Y LITERATURA', '2016', '2017', 19, 0),
(52, '7.00', '8.00', '9.60', '8.00', '2do', 'LENGUA Y LITERATURA', '2016', '2017', 20, 0),
(53, '9.00', '8.00', '7.00', '6.00', '2do', 'LENGUA Y LITERATURA', '2016', '2017', 21, 0),
(54, '7.00', '8.00', '7.00', '9.00', '2do', 'LENGUA Y LITERATURA', '2016', '2017', 22, 0),
(55, '8.00', '7.00', '8.00', '9.00', '2do', 'LENGUA Y LITERATURA', '2016', '2017', 23, 0),
(56, '8.00', '7.00', '8.00', '9.00', '2do', 'LENGUA Y LITERATURA', '2016', '2017', 24, 0),
(57, '8.00', '7.00', '8.00', '7.00', '2do', 'LENGUA Y LITERATURA', '2016', '2017', 25, 0),
(58, '7.00', '7.00', '7.00', '7.00', '2do', 'LENGUA Y LITERATURA', '2016', '2017', 26, 0),
(59, '8.00', '8.00', '9.00', '9.00', '2do', 'LENGUA Y LITERATURA', '2016', '2017', 27, 0),
(60, '8.00', '7.00', '7.00', '7.00', '2do', 'LENGUA Y LITERATURA', '2016', '2017', 28, 0),
(61, '7.00', '8.00', '9.00', '8.00', '2do', 'LENGUA Y LITERATURA', '2016', '2017', 29, 0),
(62, '7.00', '6.00', '6.00', '7.00', '2do', 'LENGUA Y LITERATURA', '2016', '2017', 30, 0),
(63, '8.00', '9.00', '8.00', '7.00', '2do', 'LENGUA Y LITERATURA', '2016', '2017', 31, 0),
(64, '6.00', '8.00', '9.00', '8.00', '2do', 'LENGUA Y LITERATURA', '2016', '2017', 32, 0),
(65, '7.00', '7.00', '7.00', '7.00', '1ero', 'MATEMÁTICAS', '2016', '2017', 33, 0),
(66, '8.00', '7.00', '9.00', '8.00', '1ero', 'FISICA', '2016', '2017', 33, 0),
(67, '8.00', '7.00', '9.00', '8.00', '1ero', 'QUIMICA', '2016', '2017', 33, 0),
(68, '8.00', '9.00', '7.00', '7.00', '1ero', 'BIOLOGIA', '2016', '2017', 33, 0),
(69, '8.60', '8.90', '6.00', '7.00', '1ero', 'HISTORIA', '2016', '2017', 33, 0),
(70, '8.00', '6.80', '9.00', '8.00', '1ero', 'LENGUA Y LITERATURA', '2016', '2017', 33, 0),
(71, '7.00', '7.00', '8.00', '8.00', '1ero', 'INGLES', '2016', '2017', 33, 0),
(72, '7.00', '7.00', '7.00', '7.00', '1ero', 'EDUCACION CULTURAL Y ARTISTICA', '2016', '2017', 33, 0),
(73, '9.00', '8.00', '8.00', '9.00', '1ero', 'EDUCACION FISICA', '2016', '2017', 33, 0),
(74, '8.00', '8.00', '8.00', '7.00', '1ero', 'EMPRENDIMIENTO Y GESTION', '2016', '2017', 33, 0),
(75, '7.00', '9.00', '8.00', '8.00', '1ero', 'INVESTIGACION', '2016', '2017', 33, 0),
(76, '7.00', '8.00', '7.00', '7.00', '1ero', 'FILOSOFIA', '2016', '2017', 33, 0),
(77, '8.00', '8.00', '7.90', '9.00', '1ero', 'EDUCACION PARA LA CIUDADANA', '2016', '2017', 33, 0),
(78, '8.00', '9.00', '9.00', '8.00', '2do', 'MATEMÁTICAS', '2016', '2017', 33, 0),
(79, '8.00', '8.00', '8.00', '8.00', '2do', 'FISICA', '2016', '2017', 33, 0),
(80, '7.00', '8.00', '9.00', '7.00', '2do', 'QUIMICA', '2016', '2017', 33, 0),
(81, '7.80', '7.90', '8.00', '8.00', '2do', 'BIOLOGIA', '2016', '2017', 33, 0),
(82, '8.00', '9.00', '8.00', '8.00', '2do', 'HISTORIA', '2016', '2017', 33, 0),
(83, '8.00', '8.00', '9.00', '8.00', '2do', 'LENGUA Y LITERATURA', '2016', '2017', 33, 0),
(84, '8.00', '8.00', '7.00', '7.00', '2do', 'INGLES', '2016', '2017', 33, 0),
(85, '8.00', '7.00', '7.00', '8.00', '2do', 'EDUCACION CULTURAL Y ARTISTICA', '2016', '2017', 33, 0),
(86, '7.00', '7.00', '7.00', '8.00', '2do', 'EDUCACION FISICA', '2016', '2017', 33, 0),
(87, '7.00', '8.00', '7.00', '7.00', '2do', 'EMPRENDIMIENTO Y GESTION', '2016', '2017', 33, 0),
(88, '8.00', '7.00', '8.00', '8.00', '2do', 'INVESTIGACION', '2016', '2017', 33, 0),
(89, '8.00', '9.00', '8.00', '8.00', '2do', 'FILOSOFIA', '2016', '2017', 33, 0),
(90, '8.00', '7.00', '7.00', '8.00', '2do', 'EDUCACION PARA LA CIUDADANA', '2016', '2017', 33, 0);

-- --------------------------------------------------------

--
-- Estructura de tabla para la tabla `parcial_3`
--

CREATE TABLE `parcial_3` (
  `id_p3` int(11) NOT NULL,
  `parametro1_p3` decimal(4,2) DEFAULT NULL,
  `parametro2_p3` decimal(4,2) DEFAULT NULL,
  `parametro3_p3` decimal(4,2) DEFAULT NULL,
  `parametro4_p3` decimal(4,2) DEFAULT NULL,
  `quimestre_p3` varchar(45) COLLATE utf8_spanish2_ci DEFAULT NULL,
  `asignatura_p3` varchar(100) COLLATE utf8_spanish2_ci DEFAULT NULL,
  `anioInicio_p3` varchar(45) COLLATE utf8_spanish2_ci DEFAULT NULL,
  `anioFin_p3` varchar(45) COLLATE utf8_spanish2_ci DEFAULT NULL,
  `id_estu` int(5) NOT NULL,
  `id_asig` int(4) NOT NULL
) ENGINE=InnoDB DEFAULT CHARSET=utf8 COLLATE=utf8_spanish2_ci;

--
-- Volcado de datos para la tabla `parcial_3`
--

INSERT INTO `parcial_3` (`id_p3`, `parametro1_p3`, `parametro2_p3`, `parametro3_p3`, `parametro4_p3`, `quimestre_p3`, `asignatura_p3`, `anioInicio_p3`, `anioFin_p3`, `id_estu`, `id_asig`) VALUES
(1, '9.00', '0.00', '9.00', '9.00', '1ero', 'LENGUA Y LITERATURA', '2016', '2017', 2, 0),
(2, '8.00', '8.00', '8.00', '8.00', '1ero', 'LENGUA Y LITERATURA', '2016', '2017', 5, 0),
(3, '9.00', '9.00', '9.00', '9.00', '1ero', 'LENGUA Y LITERATURA', '2016', '2017', 3, 0),
(4, '2.00', '3.00', '4.00', '9.00', '1ero', 'LENGUA Y LITERATURA', '2016', '2017', 1, 0),
(5, '9.00', '9.00', '9.00', '9.00', '1ero', 'LENGUA Y LITERATURA', '2016', '2017', 4, 0),
(6, '8.00', '7.00', '7.00', '7.00', '1ero', 'LENGUA Y LITERATURA', '2016', '2017', 6, 0),
(7, '8.00', '9.00', '8.00', '7.00', '1ero', 'LENGUA Y LITERATURA', '2016', '2017', 8, 0),
(8, '8.00', '7.00', '8.00', '7.00', '1ero', 'LENGUA Y LITERATURA', '2016', '2017', 7, 0),
(9, '8.00', '9.00', '8.00', '7.00', '1ero', 'LENGUA Y LITERATURA', '2016', '2017', 9, 0),
(10, '8.00', '9.00', '8.00', '8.00', '1ero', 'LENGUA Y LITERATURA', '2016', '2017', 10, 0),
(11, '7.00', '8.00', '7.00', '8.00', '1ero', 'LENGUA Y LITERATURA', '2016', '2017', 11, 0),
(12, '8.00', '8.00', '8.00', '7.00', '1ero', 'LENGUA Y LITERATURA', '2016', '2017', 12, 0),
(13, '7.00', '7.00', '7.00', '8.00', '1ero', 'LENGUA Y LITERATURA', '2016', '2017', 13, 0),
(14, '9.00', '9.00', '9.00', '8.00', '1ero', 'LENGUA Y LITERATURA', '2016', '2017', 14, 0),
(15, '7.00', '7.00', '7.00', '7.00', '1ero', 'LENGUA Y LITERATURA', '2016', '2017', 15, 0),
(16, '8.00', '8.00', '9.00', '9.00', '1ero', 'LENGUA Y LITERATURA', '2016', '2017', 16, 0),
(17, '9.00', '8.00', '7.00', '7.00', '1ero', 'LENGUA Y LITERATURA', '2016', '2017', 17, 0),
(18, '8.91', '9.00', '8.00', '7.50', '1ero', 'LENGUA Y LITERATURA', '2016', '2017', 18, 0),
(19, '8.00', '8.00', '8.00', '8.00', '1ero', 'LENGUA Y LITERATURA', '2016', '2017', 19, 0),
(20, '7.00', '7.00', '7.00', '8.00', '1ero', 'LENGUA Y LITERATURA', '2016', '2017', 20, 0),
(21, '9.00', '9.00', '8.00', '8.00', '1ero', 'LENGUA Y LITERATURA', '2016', '2017', 21, 0),
(22, '7.00', '7.00', '7.00', '8.00', '1ero', 'LENGUA Y LITERATURA', '2016', '2017', 22, 0),
(23, '7.00', '7.00', '8.00', '8.00', '1ero', 'LENGUA Y LITERATURA', '2016', '2017', 23, 0),
(24, '7.00', '8.00', '7.00', '8.00', '1ero', 'LENGUA Y LITERATURA', '2016', '2017', 24, 0),
(25, '7.00', '9.00', '8.00', '7.00', '1ero', 'LENGUA Y LITERATURA', '2016', '2017', 25, 0),
(26, '8.00', '7.00', '7.00', '8.00', '1ero', 'LENGUA Y LITERATURA', '2016', '2017', 27, 0),
(27, '9.00', '9.00', '9.00', '8.00', '1ero', 'LENGUA Y LITERATURA', '2016', '2017', 28, 0),
(28, '8.00', '8.00', '9.00', '9.00', '1ero', 'LENGUA Y LITERATURA', '2016', '2017', 26, 0),
(29, '7.00', '6.00', '7.00', '8.00', '1ero', 'LENGUA Y LITERATURA', '2016', '2017', 29, 0),
(30, '9.00', '8.00', '7.00', '6.00', '1ero', 'LENGUA Y LITERATURA', '2016', '2017', 30, 0),
(31, '7.00', '8.00', '7.00', '6.00', '1ero', 'LENGUA Y LITERATURA', '2016', '2017', 31, 0),
(32, '7.00', '8.00', '9.00', '8.00', '1ero', 'LENGUA Y LITERATURA', '2016', '2017', 32, 0),
(33, '7.00', '6.00', '7.00', '8.00', '2do', 'LENGUA Y LITERATURA', '2016', '2017', 2, 0),
(34, '8.90', '8.90', '8.90', '8.90', '2do', 'LENGUA Y LITERATURA', '2016', '2017', 5, 0),
(35, '3.00', '4.60', '2.90', '4.80', '2do', 'LENGUA Y LITERATURA', '2016', '2017', 3, 0),
(36, '9.00', '8.00', '7.00', '8.00', '2do', 'LENGUA Y LITERATURA', '2016', '2017', 1, 0),
(37, '8.90', '8.90', '6.50', '9.50', '2do', 'LENGUA Y LITERATURA', '2016', '2017', 6, 0),
(38, '7.00', '6.00', '8.90', '8.90', '2do', 'LENGUA Y LITERATURA', '2016', '2017', 4, 0),
(39, '6.70', '9.00', '8.00', '7.00', '2do', 'LENGUA Y LITERATURA', '2016', '2017', 7, 0),
(40, '8.00', '7.00', '8.00', '7.00', '2do', 'LENGUA Y LITERATURA', '2016', '2017', 8, 0),
(41, '8.00', '7.00', '8.00', '9.00', '2do', 'LENGUA Y LITERATURA', '2016', '2017', 9, 0),
(42, '8.00', '7.00', '6.00', '6.00', '2do', 'LENGUA Y LITERATURA', '2016', '2017', 10, 0),
(43, '6.00', '7.00', '7.00', '8.00', '2do', 'LENGUA Y LITERATURA', '2016', '2017', 11, 0),
(44, '9.00', '8.00', '7.00', '7.00', '2do', 'LENGUA Y LITERATURA', '2016', '2017', 12, 0),
(45, '6.00', '7.00', '7.00', '8.00', '2do', 'LENGUA Y LITERATURA', '2016', '2017', 13, 0),
(46, '8.00', '9.00', '8.00', '7.00', '2do', 'LENGUA Y LITERATURA', '2016', '2017', 14, 0),
(47, '6.00', '7.00', '8.00', '9.00', '2do', 'LENGUA Y LITERATURA', '2016', '2017', 15, 0),
(48, '8.00', '7.00', '6.00', '7.00', '2do', 'LENGUA Y LITERATURA', '2016', '2017', 16, 0),
(49, '8.00', '9.00', '8.00', '7.00', '2do', 'LENGUA Y LITERATURA', '2016', '2017', 17, 0),
(50, '6.50', '8.50', '9.60', '7.60', '2do', 'LENGUA Y LITERATURA', '2016', '2017', 18, 0),
(51, '8.50', '7.60', '8.00', '9.00', '2do', 'LENGUA Y LITERATURA', '2016', '2017', 19, 0),
(52, '8.00', '7.00', '7.00', '8.00', '2do', 'LENGUA Y LITERATURA', '2016', '2017', 20, 0),
(53, '8.00', '9.00', '8.00', '7.00', '2do', 'LENGUA Y LITERATURA', '2016', '2017', 21, 0),
(54, '6.00', '7.00', '8.00', '9.00', '2do', 'LENGUA Y LITERATURA', '2016', '2017', 22, 0),
(55, '8.00', '7.00', '6.00', '7.00', '2do', 'LENGUA Y LITERATURA', '2016', '2017', 23, 0),
(56, '8.00', '9.00', '8.00', '7.00', '2do', 'LENGUA Y LITERATURA', '2016', '2017', 24, 0),
(57, '6.00', '7.00', '7.00', '8.00', '2do', 'LENGUA Y LITERATURA', '2016', '2017', 25, 0),
(58, '9.00', '8.00', '7.00', '6.00', '2do', 'LENGUA Y LITERATURA', '2016', '2017', 26, 0),
(59, '7.00', '9.00', '8.00', '7.00', '2do', 'LENGUA Y LITERATURA', '2016', '2017', 27, 0),
(60, '8.00', '9.00', '8.00', '7.00', '2do', 'LENGUA Y LITERATURA', '2016', '2017', 28, 0),
(61, '6.00', '7.00', '8.00', '9.00', '2do', 'LENGUA Y LITERATURA', '2016', '2017', 29, 0),
(62, '8.00', '7.00', '6.00', '6.00', '2do', 'LENGUA Y LITERATURA', '2016', '2017', 30, 0),
(63, '7.00', '8.00', '9.00', '6.00', '2do', 'LENGUA Y LITERATURA', '2016', '2017', 31, 0),
(64, '6.00', '9.00', '6.00', '7.00', '2do', 'LENGUA Y LITERATURA', '2016', '2017', 32, 0),
(65, '8.00', '8.00', '8.00', '7.00', '1ero', 'MATEMÁTICAS', '2016', '2017', 33, 0),
(66, '7.00', '8.00', '9.00', '9.60', '1ero', 'FISICA', '2016', '2017', 33, 0),
(67, '8.00', '8.00', '8.00', '8.00', '1ero', 'QUIMICA', '2016', '2017', 33, 0),
(68, '7.00', '8.00', '8.00', '7.00', '1ero', 'BIOLOGIA', '2016', '2017', 33, 0),
(69, '9.00', '8.00', '8.00', '9.00', '1ero', 'HISTORIA', '2016', '2017', 33, 0),
(70, '8.00', '7.00', '8.00', '7.00', '1ero', 'LENGUA Y LITERATURA', '2016', '2017', 33, 0),
(71, '8.00', '9.00', '8.00', '8.00', '1ero', 'INGLES', '2016', '2017', 33, 0),
(72, '8.00', '9.00', '8.80', '8.00', '1ero', 'EDUCACION CULTURAL Y ARTISTICA', '2016', '2017', 33, 0),
(73, '8.00', '8.00', '9.00', '7.00', '1ero', 'EDUCACION FISICA', '2016', '2017', 33, 0),
(74, '8.00', '7.00', '8.00', '7.00', '1ero', 'EMPRENDIMIENTO Y GESTION', '2016', '2017', 33, 0),
(75, '8.00', '7.00', '8.00', '7.00', '1ero', 'INVESTIGACION', '2016', '2017', 33, 0),
(76, '8.00', '7.00', '8.00', '7.00', '1ero', 'FILOSOFIA', '2016', '2017', 33, 0),
(77, '8.00', '7.00', '8.00', '7.00', '1ero', 'EDUCACION PARA LA CIUDADANA', '2016', '2017', 33, 0),
(78, '8.00', '9.00', '8.00', '7.00', '2do', 'MATEMÁTICAS', '2016', '2017', 33, 0),
(79, '6.90', '8.70', '8.00', '9.00', '2do', 'FISICA', '2016', '2017', 33, 0),
(80, '7.00', '7.00', '8.00', '7.00', '2do', 'QUIMICA', '2016', '2017', 33, 0),
(81, '8.00', '7.00', '7.00', '8.00', '2do', 'BIOLOGIA', '2016', '2017', 33, 0),
(82, '8.00', '7.00', '7.00', '8.00', '2do', 'HISTORIA', '2016', '2017', 33, 0),
(83, '8.00', '9.00', '8.00', '8.00', '2do', 'LENGUA Y LITERATURA', '2016', '2017', 33, 0),
(84, '7.00', '8.00', '9.00', '8.00', '2do', 'INGLES', '2016', '2017', 33, 0),
(85, '9.00', '9.00', '9.00', '8.00', '2do', 'EDUCACION CULTURAL Y ARTISTICA', '2016', '2017', 33, 0),
(86, '8.00', '9.00', '8.00', '9.00', '2do', 'EDUCACION FISICA', '2016', '2017', 33, 0),
(87, '8.00', '9.00', '9.00', '8.00', '2do', 'EMPRENDIMIENTO Y GESTION', '2016', '2017', 33, 0),
(88, '8.00', '9.00', '9.00', '8.00', '2do', 'INVESTIGACION', '2016', '2017', 33, 0),
(89, '8.00', '9.00', '8.00', '8.00', '2do', 'FILOSOFIA', '2016', '2017', 33, 0),
(90, '8.00', '9.00', '8.00', '7.00', '2do', 'EDUCACION PARA LA CIUDADANA', '2016', '2017', 33, 0);

-- --------------------------------------------------------

--
-- Estructura de tabla para la tabla `periodo_academico`
--

CREATE TABLE `periodo_academico` (
  `id_pera` int(4) NOT NULL,
  `mesinicio_pera` varchar(50) COLLATE utf8_spanish2_ci DEFAULT NULL,
  `anioinicio_pera` varchar(10) COLLATE utf8_spanish2_ci DEFAULT NULL,
  `mesfin_pera` varchar(50) COLLATE utf8_spanish2_ci DEFAULT NULL,
  `aniofin_pera` varchar(10) COLLATE utf8_spanish2_ci DEFAULT NULL,
  `estado_pera` varchar(45) COLLATE utf8_spanish2_ci DEFAULT NULL
) ENGINE=InnoDB DEFAULT CHARSET=utf8 COLLATE=utf8_spanish2_ci;

--
-- Volcado de datos para la tabla `periodo_academico`
--

INSERT INTO `periodo_academico` (`id_pera`, `mesinicio_pera`, `anioinicio_pera`, `mesfin_pera`, `aniofin_pera`, `estado_pera`) VALUES
(1, 'Octubre', '1900', 'Agosto', '1901', 'Inactivo'),
(2, 'Octubre', '1901', 'Agosto', '1902', 'Activo');

--
-- Índices para tablas volcadas
--

--
-- Indices de la tabla `administrador`
--
ALTER TABLE `administrador`
  ADD PRIMARY KEY (`id_admin`);

--
-- Indices de la tabla `asignatura`
--
ALTER TABLE `asignatura`
  ADD PRIMARY KEY (`id_asig`);

--
-- Indices de la tabla `cargo_docente_asignatura`
--
ALTER TABLE `cargo_docente_asignatura`
  ADD PRIMARY KEY (`id_cargo`),
  ADD KEY `fk_curso_docente_unico_docente1_idx` (`id_doce`),
  ADD KEY `fk_curso_docente_unico_curso1_idx` (`id_curs`),
  ADD KEY `fk_cargo_docente_asignatura_asignatura1_idx` (`id_asig`);

--
-- Indices de la tabla `curso`
--
ALTER TABLE `curso`
  ADD PRIMARY KEY (`id_curs`);

--
-- Indices de la tabla `curso_asignatura`
--
ALTER TABLE `curso_asignatura`
  ADD PRIMARY KEY (`id_cura`),
  ADD KEY `fk_curso_asignatura_curso1_idx` (`id_curs`),
  ADD KEY `fk_curso_asignatura_asignatura1_idx` (`id_asig`);

--
-- Indices de la tabla `docente`
--
ALTER TABLE `docente`
  ADD PRIMARY KEY (`id_doce`);

--
-- Indices de la tabla `estudiante`
--
ALTER TABLE `estudiante`
  ADD PRIMARY KEY (`id_estu`);

--
-- Indices de la tabla `examen`
--
ALTER TABLE `examen`
  ADD PRIMARY KEY (`id_exa`),
  ADD UNIQUE KEY `id_exa_UNIQUE` (`id_exa`),
  ADD KEY `fk_table1_estudiante1_idx` (`id_estu`);

--
-- Indices de la tabla `examen_gracia`
--
ALTER TABLE `examen_gracia`
  ADD PRIMARY KEY (`id_gra`),
  ADD UNIQUE KEY `id_exa_UNIQUE` (`id_gra`),
  ADD KEY `fk_examen_gracia_estudiante1_idx` (`id_estu`);

--
-- Indices de la tabla `examen_supletorio`
--
ALTER TABLE `examen_supletorio`
  ADD PRIMARY KEY (`id_suple`),
  ADD UNIQUE KEY `id_exa_UNIQUE` (`id_suple`),
  ADD KEY `fk_examen_supletorio_estudiante1_idx` (`id_estu`);

--
-- Indices de la tabla `ingreso_notas_estado`
--
ALTER TABLE `ingreso_notas_estado`
  ADD PRIMARY KEY (`id_ine`),
  ADD UNIQUE KEY `id_ine_UNIQUE` (`id_ine`);

--
-- Indices de la tabla `matricula`
--
ALTER TABLE `matricula`
  ADD PRIMARY KEY (`id_matr`),
  ADD UNIQUE KEY `id_matr_UNIQUE` (`id_matr`),
  ADD KEY `fk_matricula_curso1_idx` (`id_curs`),
  ADD KEY `fk_matricula_estudiante1_idx` (`id_estu`);

--
-- Indices de la tabla `parcial_1`
--
ALTER TABLE `parcial_1`
  ADD PRIMARY KEY (`id_p1`),
  ADD UNIQUE KEY `id_p1_UNIQUE` (`id_p1`),
  ADD KEY `fk_Parcial_1_estudiante1_idx` (`id_estu`),
  ADD KEY `fk_parcial_1_asignatura1_idx` (`id_asig`);

--
-- Indices de la tabla `parcial_2`
--
ALTER TABLE `parcial_2`
  ADD PRIMARY KEY (`id_p2`),
  ADD UNIQUE KEY `id_p1_UNIQUE` (`id_p2`),
  ADD KEY `fk_Parcial_1_estudiante1_idx` (`id_estu`),
  ADD KEY `fk_parcial_2_asignatura1_idx` (`id_asig`);

--
-- Indices de la tabla `parcial_3`
--
ALTER TABLE `parcial_3`
  ADD PRIMARY KEY (`id_p3`),
  ADD UNIQUE KEY `id_p1_UNIQUE` (`id_p3`),
  ADD KEY `fk_Parcial_1_estudiante1_idx` (`id_estu`),
  ADD KEY `fk_parcial_3_asignatura1_idx` (`id_asig`);

--
-- Indices de la tabla `periodo_academico`
--
ALTER TABLE `periodo_academico`
  ADD PRIMARY KEY (`id_pera`);

--
-- AUTO_INCREMENT de las tablas volcadas
--

--
-- AUTO_INCREMENT de la tabla `administrador`
--
ALTER TABLE `administrador`
  MODIFY `id_admin` int(4) NOT NULL AUTO_INCREMENT, AUTO_INCREMENT=4;
--
-- AUTO_INCREMENT de la tabla `asignatura`
--
ALTER TABLE `asignatura`
  MODIFY `id_asig` int(4) NOT NULL AUTO_INCREMENT, AUTO_INCREMENT=27;
--
-- AUTO_INCREMENT de la tabla `cargo_docente_asignatura`
--
ALTER TABLE `cargo_docente_asignatura`
  MODIFY `id_cargo` int(11) NOT NULL AUTO_INCREMENT, AUTO_INCREMENT=10;
--
-- AUTO_INCREMENT de la tabla `curso`
--
ALTER TABLE `curso`
  MODIFY `id_curs` int(4) NOT NULL AUTO_INCREMENT, AUTO_INCREMENT=685;
--
-- AUTO_INCREMENT de la tabla `curso_asignatura`
--
ALTER TABLE `curso_asignatura`
  MODIFY `id_cura` int(4) NOT NULL AUTO_INCREMENT, AUTO_INCREMENT=23;
--
-- AUTO_INCREMENT de la tabla `docente`
--
ALTER TABLE `docente`
  MODIFY `id_doce` int(11) NOT NULL AUTO_INCREMENT, AUTO_INCREMENT=5;
--
-- AUTO_INCREMENT de la tabla `estudiante`
--
ALTER TABLE `estudiante`
  MODIFY `id_estu` int(5) NOT NULL AUTO_INCREMENT, AUTO_INCREMENT=66;
--
-- AUTO_INCREMENT de la tabla `examen`
--
ALTER TABLE `examen`
  MODIFY `id_exa` int(11) NOT NULL AUTO_INCREMENT, AUTO_INCREMENT=91;
--
-- AUTO_INCREMENT de la tabla `examen_gracia`
--
ALTER TABLE `examen_gracia`
  MODIFY `id_gra` int(11) NOT NULL AUTO_INCREMENT;
--
-- AUTO_INCREMENT de la tabla `examen_supletorio`
--
ALTER TABLE `examen_supletorio`
  MODIFY `id_suple` int(11) NOT NULL AUTO_INCREMENT, AUTO_INCREMENT=3;
--
-- AUTO_INCREMENT de la tabla `ingreso_notas_estado`
--
ALTER TABLE `ingreso_notas_estado`
  MODIFY `id_ine` int(4) NOT NULL AUTO_INCREMENT;
--
-- AUTO_INCREMENT de la tabla `matricula`
--
ALTER TABLE `matricula`
  MODIFY `id_matr` int(5) NOT NULL AUTO_INCREMENT, AUTO_INCREMENT=67;
--
-- AUTO_INCREMENT de la tabla `parcial_1`
--
ALTER TABLE `parcial_1`
  MODIFY `id_p1` int(11) NOT NULL AUTO_INCREMENT, AUTO_INCREMENT=91;
--
-- AUTO_INCREMENT de la tabla `parcial_2`
--
ALTER TABLE `parcial_2`
  MODIFY `id_p2` int(11) NOT NULL AUTO_INCREMENT, AUTO_INCREMENT=91;
--
-- AUTO_INCREMENT de la tabla `parcial_3`
--
ALTER TABLE `parcial_3`
  MODIFY `id_p3` int(11) NOT NULL AUTO_INCREMENT, AUTO_INCREMENT=91;
--
-- AUTO_INCREMENT de la tabla `periodo_academico`
--
ALTER TABLE `periodo_academico`
  MODIFY `id_pera` int(4) NOT NULL AUTO_INCREMENT, AUTO_INCREMENT=3;
--
-- Restricciones para tablas volcadas
--

--
-- Filtros para la tabla `cargo_docente_asignatura`
--
ALTER TABLE `cargo_docente_asignatura`
  ADD CONSTRAINT `fk_cargo_docente_asignatura_asignatura1` FOREIGN KEY (`id_asig`) REFERENCES `asignatura` (`id_asig`) ON DELETE NO ACTION ON UPDATE NO ACTION,
  ADD CONSTRAINT `fk_curso_docente_unico_curso1` FOREIGN KEY (`id_curs`) REFERENCES `curso` (`id_curs`) ON DELETE NO ACTION ON UPDATE NO ACTION,
  ADD CONSTRAINT `fk_curso_docente_unico_docente1` FOREIGN KEY (`id_doce`) REFERENCES `docente` (`id_doce`) ON DELETE NO ACTION ON UPDATE NO ACTION;

--
-- Filtros para la tabla `curso_asignatura`
--
ALTER TABLE `curso_asignatura`
  ADD CONSTRAINT `fk_curso_asignatura_asignatura1` FOREIGN KEY (`id_asig`) REFERENCES `asignatura` (`id_asig`) ON DELETE NO ACTION ON UPDATE NO ACTION,
  ADD CONSTRAINT `fk_curso_asignatura_curso1` FOREIGN KEY (`id_curs`) REFERENCES `curso` (`id_curs`) ON DELETE NO ACTION ON UPDATE NO ACTION;

--
-- Filtros para la tabla `examen`
--
ALTER TABLE `examen`
  ADD CONSTRAINT `fk_table1_estudiante1` FOREIGN KEY (`id_estu`) REFERENCES `estudiante` (`id_estu`) ON DELETE NO ACTION ON UPDATE NO ACTION;

--
-- Filtros para la tabla `examen_gracia`
--
ALTER TABLE `examen_gracia`
  ADD CONSTRAINT `fk_examen_gracia_estudiante1` FOREIGN KEY (`id_estu`) REFERENCES `estudiante` (`id_estu`) ON DELETE NO ACTION ON UPDATE NO ACTION;

--
-- Filtros para la tabla `examen_supletorio`
--
ALTER TABLE `examen_supletorio`
  ADD CONSTRAINT `fk_examen_supletorio_estudiante1` FOREIGN KEY (`id_estu`) REFERENCES `estudiante` (`id_estu`) ON DELETE NO ACTION ON UPDATE NO ACTION;

--
-- Filtros para la tabla `matricula`
--
ALTER TABLE `matricula`
  ADD CONSTRAINT `fk_matricula_curso1` FOREIGN KEY (`id_curs`) REFERENCES `curso` (`id_curs`) ON DELETE NO ACTION ON UPDATE NO ACTION,
  ADD CONSTRAINT `fk_matricula_estudiante1` FOREIGN KEY (`id_estu`) REFERENCES `estudiante` (`id_estu`) ON DELETE NO ACTION ON UPDATE NO ACTION;

--
-- Filtros para la tabla `parcial_1`
--
ALTER TABLE `parcial_1`
  ADD CONSTRAINT `fk_Parcial_1_estudiante1` FOREIGN KEY (`id_estu`) REFERENCES `estudiante` (`id_estu`) ON DELETE NO ACTION ON UPDATE NO ACTION,
  ADD CONSTRAINT `fk_parcial_1_asignatura1` FOREIGN KEY (`id_asig`) REFERENCES `asignatura` (`id_asig`) ON DELETE NO ACTION ON UPDATE NO ACTION;

--
-- Filtros para la tabla `parcial_2`
--
ALTER TABLE `parcial_2`
  ADD CONSTRAINT `fk_Parcial_1_estudiante10` FOREIGN KEY (`id_estu`) REFERENCES `estudiante` (`id_estu`) ON DELETE NO ACTION ON UPDATE NO ACTION,
  ADD CONSTRAINT `fk_parcial_2_asignatura1` FOREIGN KEY (`id_asig`) REFERENCES `asignatura` (`id_asig`) ON DELETE NO ACTION ON UPDATE NO ACTION;

--
-- Filtros para la tabla `parcial_3`
--
ALTER TABLE `parcial_3`
  ADD CONSTRAINT `fk_Parcial_1_estudiante100` FOREIGN KEY (`id_estu`) REFERENCES `estudiante` (`id_estu`) ON DELETE NO ACTION ON UPDATE NO ACTION,
  ADD CONSTRAINT `fk_parcial_3_asignatura1` FOREIGN KEY (`id_asig`) REFERENCES `asignatura` (`id_asig`) ON DELETE NO ACTION ON UPDATE NO ACTION;

/*!40101 SET CHARACTER_SET_CLIENT=@OLD_CHARACTER_SET_CLIENT */;
/*!40101 SET CHARACTER_SET_RESULTS=@OLD_CHARACTER_SET_RESULTS */;
/*!40101 SET COLLATION_CONNECTION=@OLD_COLLATION_CONNECTION */;
